Unnamed: 0,survived,pclass,sex,age,sibsp,parch,fare,embarked,title,cabin_deck,family_size,name_length,is_alone,fare_per_person,class_fare,fare_log,age_child,age_teen,age_young,age_adult,age_senior,is_child_female
0,0,3,1,22.0,1,0,7.25,2,2,U,2,23,0,3.625,21.75,2.1102132003465894,False,False,True,False,False,0
1,1,1,0,38.0,1,0,71.2833,0,3,C,2,51,0,35.64165,71.2833,4.2805931204649,False,False,False,True,False,0
2,1,3,0,26.0,0,0,7.925,2,1,U,1,22,1,7.925,23.775,2.188856327665703,False,False,True,False,False,0
3,1,1,0,35.0,1,0,53.1,2,3,C,2,44,0,26.55,53.1,3.9908341858524357,False,False,True,False,False,0
4,0,3,1,35.0,0,0,8.05,2,2,U,1,24,1,8.05,24.150000000000002,2.2027647577118348,False,False,True,False,False,0
5,0,3,1,30.0,0,0,8.4583,1,2,U,1,16,1,8.4583,25.374899999999997,2.246892662898172,False,False,True,False,False,0
6,0,1,1,54.0,0,0,51.8625,2,2,E,1,23,1,51.8625,51.8625,3.967694202798607,False,False,False,True,False,0
7,0,3,1,2.0,3,1,21.075,2,0,U,5,30,0,4.215,63.224999999999994,3.0944457464900235,True,False,False,False,False,0
8,1,3,0,27.0,0,2,11.1333,2,3,U,3,49,0,3.7111,33.3999,2.495953738718064,False,False,True,False,False,0
9,1,2,0,14.0,1,0,30.0708,0,3,U,2,35,0,15.0354,60.1416,3.436268471383741,False,True,False,False,False,0
10,1,3,0,4.0,1,1,16.7,2,1,G,3,31,0,5.566666666666666,50.099999999999994,2.8735646395797834,True,False,False,False,False,1
11,1,1,0,58.0,0,0,26.55,2,1,C,1,24,1,26.55,26.55,3.3160025355989236,False,False,False,True,False,0
12,0,3,1,20.0,0,0,8.05,2,2,U,1,30,1,8.05,24.150000000000002,2.2027647577118348,False,False,True,False,False,0
13,0,3,1,39.0,1,5,31.275,2,2,U,7,27,0,4.4678571428571425,93.82499999999999,3.4742929367327062,False,False,False,True,False,0
14,0,3,0,14.0,0,0,7.8542,2,1,U,1,36,1,7.8542,23.5626,2.180891922715322,False,True,False,False,False,0
15,1,2,0,55.0,0,0,16.0,2,3,U,1,32,1,16.0,32.0,2.833213344056216,False,False,False,True,False,0
16,0,3,1,2.0,4,1,29.125,1,0,U,6,20,0,4.854166666666667,87.375,3.405355391810819,True,False,False,False,False,0
17,1,2,1,30.0,0,0,13.0,2,2,U,1,28,1,13.0,26.0,2.6390573296152584,False,False,True,False,False,0
18,0,3,0,31.0,1,0,18.0,2,3,U,2,55,0,9.0,54.0,2.9444389791664403,False,False,True,False,False,0
19,1,3,0,35.0,0,0,7.225,0,3,U,1,23,1,7.225,21.674999999999997,2.1071782966514356,False,False,True,False,False,0
20,0,2,1,35.0,0,0,26.0,2,2,U,1,20,1,26.0,52.0,3.295836866004329,False,False,True,False,False,0
21,1,2,1,34.0,0,0,13.0,2,2,D,1,21,1,13.0,26.0,2.6390573296152584,False,False,True,False,False,0
22,1,3,0,15.0,0,0,8.0292,1,1,U,1,27,1,8.0292,24.0876,2.2004637699272855,False,True,False,False,False,0
23,1,1,1,28.0,0,0,35.5,2,2,A,1,28,1,35.5,35.5,3.597312260588446,False,False,True,False,False,0
24,0,3,0,8.0,3,1,21.075,2,1,U,5,29,0,4.215,63.224999999999994,3.0944457464900235,True,False,False,False,False,1
25,1,3,0,38.0,1,5,31.3875,2,3,U,7,57,0,4.483928571428572,94.1625,3.4777725458882283,False,False,False,True,False,0
26,0,3,1,30.0,0,0,7.225,0,2,U,1,23,1,7.225,21.674999999999997,2.1071782966514356,False,False,True,False,False,0
27,0,1,1,19.0,3,2,263.0,2,2,C,6,30,0,43.833333333333336,263.0,5.575949103146316,False,False,True,False,False,0
28,1,3,0,21.0,0,0,7.8792,1,1,U,1,29,1,7.8792,23.6376,2.1837114628556327,False,False,True,False,False,0
29,0,3,1,30.0,0,0,7.8958,2,2,U,1,19,1,7.8958,23.6874,2.1855792552411137,False,False,True,False,False,0
30,0,1,1,40.0,0,0,27.7208,0,4,U,1,24,1,27.7208,27.7208,3.357621598945279,False,False,False,True,False,0
31,1,1,0,35.0,1,0,146.5208,0,3,B,2,46,0,73.2604,146.5208,4.993969182787072,False,False,True,False,False,0
32,1,3,0,21.0,0,0,7.75,1,1,U,1,24,1,7.75,23.25,2.169053700369523,False,False,True,False,False,0
33,0,2,1,66.0,0,0,10.5,2,2,U,1,21,1,10.5,21.0,2.4423470353692043,False,False,False,False,True,0
34,0,1,1,28.0,1,0,82.1708,0,2,U,2,23,0,41.0854,82.1708,4.420896324687287,False,False,True,False,False,0
35,0,1,1,42.0,1,0,52.0,2,2,U,2,30,0,26.0,52.0,3.970291913552122,False,False,False,True,False,0
36,1,3,1,30.0,0,0,7.2292,0,2,U,1,16,1,7.2292,21.6876,2.1076888046179385,False,False,True,False,False,0
37,0,3,1,21.0,0,0,8.05,2,2,U,1,24,1,8.05,24.150000000000002,2.2027647577118348,False,False,True,False,False,0
38,0,3,0,18.0,2,0,18.0,2,1,U,3,34,0,6.0,54.0,2.9444389791664403,False,True,False,False,False,0
39,1,3,0,14.0,1,0,11.2417,0,1,U,2,27,0,5.62085,33.7251,2.5048481563289,False,True,False,False,False,0
40,0,3,0,40.0,1,0,9.475,2,3,U,2,46,0,4.7375,28.424999999999997,2.348991465808201,False,False,False,True,False,0
41,0,2,0,27.0,1,0,21.0,2,3,U,2,56,0,10.5,42.0,3.091042453358316,False,False,True,False,False,0
42,0,3,1,30.0,0,0,7.8958,0,2,U,1,19,1,7.8958,23.6874,2.1855792552411137,False,False,True,False,False,0
43,1,2,0,3.0,1,2,41.5792,0,1,U,4,40,0,10.3948,83.1584,3.7513658711253766,True,False,False,False,False,1
44,1,3,0,19.0,0,0,7.8792,1,1,U,1,29,1,7.8792,23.6376,2.1837114628556327,False,False,True,False,False,0
45,0,3,1,30.0,0,0,8.05,2,2,U,1,24,1,8.05,24.150000000000002,2.2027647577118348,False,False,True,False,False,0
46,0,3,1,30.0,1,0,15.5,1,2,U,2,17,0,7.75,46.5,2.803360380906535,False,False,True,False,False,0
47,1,3,0,21.0,0,0,7.75,1,1,U,1,25,1,7.75,23.25,2.169053700369523,False,False,True,False,False,0
48,0,3,1,30.0,2,0,21.6792,0,2,U,3,19,0,7.226400000000001,65.0376,3.1214482048688246,False,False,True,False,False,0
49,0,3,0,18.0,1,0,17.8,2,3,U,2,45,0,8.9,53.400000000000006,2.9338568698359038,False,True,False,False,False,0
50,0,3,1,7.0,4,1,39.6875,2,0,U,6,26,0,6.614583333333333,119.0625,3.705920919968788,True,False,False,False,False,0
51,0,3,1,21.0,0,0,7.8,2,2,U,1,28,1,7.8,23.4,2.174751721484161,False,False,True,False,False,0
52,1,1,0,49.0,1,0,76.7292,0,3,D,2,40,0,38.3646,76.7292,4.353230991152628,False,False,False,True,False,0
53,1,2,0,29.0,1,0,26.0,2,3,U,2,50,0,13.0,52.0,3.295836866004329,False,False,True,False,False,0
54,0,1,1,65.0,0,1,61.9792,0,2,B,2,30,0,30.9896,61.9792,4.142804513146981,False,False,False,False,True,0
55,1,1,1,30.0,0,0,35.5,2,2,C,1,17,1,35.5,35.5,3.597312260588446,False,False,True,False,False,0
56,1,2,0,21.0,0,0,10.5,2,1,U,1,17,1,10.5,21.0,2.4423470353692043,False,False,True,False,False,0
57,0,3,1,28.5,0,0,7.2292,0,2,U,1,19,1,7.2292,21.6876,2.1076888046179385,False,False,True,False,False,0
58,1,2,0,5.0,1,2,27.75,2,1,U,4,28,0,6.9375,55.5,3.3586377672433594,True,False,False,False,False,1
59,0,3,1,11.0,5,2,46.9,2,0,U,8,34,0,5.8625,140.7,3.8691155044168695,True,False,False,False,False,0
60,0,3,1,22.0,0,0,7.2292,0,2,U,1,21,1,7.2292,21.6876,2.1076888046179385,False,False,True,False,False,0
61,1,1,0,38.0,0,0,80.0,2,1,B,1,19,1,80.0,80.0,4.394449154672439,False,False,False,True,False,0
62,0,1,1,45.0,1,0,83.475,2,2,C,2,27,0,41.7375,83.475,4.436455632600354,False,False,False,True,False,0
63,0,3,1,4.0,3,2,27.9,2,0,U,6,21,0,4.6499999999999995,83.69999999999999,3.3638415951183864,True,False,False,False,False,0
64,0,1,1,30.0,0,0,27.7208,0,2,U,1,21,1,27.7208,27.7208,3.357621598945279,False,False,True,False,False,0
65,1,3,1,3.5,1,1,15.2458,0,0,U,3,24,0,5.081933333333333,45.737399999999994,2.7878344138303452,True,False,False,False,False,0
66,1,2,0,29.0,0,0,10.5,2,3,F,1,28,1,10.5,21.0,2.4423470353692043,False,False,True,False,False,0
67,0,3,1,19.0,0,0,8.1583,2,2,U,1,24,1,8.1583,24.4749,2.2146605719425225,False,False,True,False,False,0
68,1,3,0,17.0,4,2,7.925,2,1,U,7,31,0,1.1321428571428571,23.775,2.188856327665703,False,True,False,False,False,0
69,0,3,1,26.0,2,0,8.6625,2,2,U,3,17,0,2.8874999999999997,25.987499999999997,2.2682524139135403,False,False,True,False,False,0
70,0,2,1,32.0,0,0,10.5,2,2,U,1,26,1,10.5,21.0,2.4423470353692043,False,False,True,False,False,0
71,0,3,0,16.0,5,2,46.9,2,1,U,8,26,0,5.8625,140.7,3.8691155044168695,False,True,False,False,False,0
72,0,2,1,21.0,0,0,73.5,2,2,U,1,20,1,73.5,147.0,4.310799125385514,False,False,True,False,False,0
73,0,3,1,26.0,1,0,14.4542,0,2,U,2,27,0,7.2271,43.3626,2.737880811060884,False,False,True,False,False,0
74,1,3,1,32.0,0,0,56.4958,2,2,U,1,13,1,56.4958,169.4874,4.05171190165724,False,False,True,False,False,0
75,0,3,1,25.0,0,0,7.65,2,2,F,1,23,1,7.65,22.950000000000003,2.157559320943788,False,False,True,False,False,0
76,0,3,1,30.0,0,0,7.8958,2,2,U,1,17,1,7.8958,23.6874,2.1855792552411137,False,False,True,False,False,0
77,0,3,1,30.0,0,0,8.05,2,2,U,1,24,1,8.05,24.150000000000002,2.2027647577118348,False,False,True,False,False,0
78,1,2,1,0.83,0,2,29.0,2,0,U,3,29,0,9.666666666666666,58.0,3.4011973816621555,True,False,False,False,False,0
79,1,3,0,30.0,0,0,12.475,2,1,U,1,24,1,12.475,37.425,2.600836116795061,False,False,True,False,False,0
80,0,3,1,22.0,0,0,9.0,2,2,U,1,20,1,9.0,27.0,2.302585092994046,False,False,True,False,False,0
81,1,3,1,29.0,0,0,9.5,2,2,U,1,27,1,9.5,28.5,2.3513752571634776,False,False,True,False,False,0
82,1,3,0,21.0,0,0,7.7875,1,1,U,1,30,1,7.7875,23.362499999999997,2.1733302571367834,False,False,True,False,False,0
83,0,1,1,28.0,0,0,47.1,2,2,U,1,23,1,47.1,47.1,3.8732821771117156,False,False,True,False,False,0
84,1,2,0,17.0,0,0,10.5,2,1,U,1,19,1,10.5,21.0,2.4423470353692043,False,True,False,False,False,0
85,1,3,0,33.0,3,0,15.85,2,3,U,4,55,0,3.9625,47.55,2.8243506567983707,False,False,True,False,False,0
86,0,3,1,16.0,1,3,34.375,2,2,U,5,22,0,6.875,103.125,3.5660053559634015,False,True,False,False,False,0
87,0,3,1,30.0,0,0,8.05,2,2,U,1,29,1,8.05,24.150000000000002,2.2027647577118348,False,False,True,False,False,0
88,1,1,0,23.0,3,2,263.0,2,1,C,6,26,0,43.833333333333336,263.0,5.575949103146316,False,False,True,False,False,0
89,0,3,1,24.0,0,0,8.05,2,2,U,1,22,1,8.05,24.150000000000002,2.2027647577118348,False,False,True,False,False,0
90,0,3,1,29.0,0,0,8.05,2,2,U,1,20,1,8.05,24.150000000000002,2.2027647577118348,False,False,True,False,False,0
91,0,3,1,20.0,0,0,7.8542,2,2,U,1,26,1,7.8542,23.5626,2.180891922715322,False,False,True,False,False,0
92,0,1,1,46.0,1,0,61.175,2,2,E,2,27,0,30.5875,61.175,4.1299529896894684,False,False,False,True,False,0
93,0,3,1,26.0,1,2,20.575,2,2,U,4,23,0,5.14375,61.724999999999994,3.0715352369694915,False,False,True,False,False,0
94,0,3,1,59.0,0,0,7.25,2,2,U,1,17,1,7.25,21.75,2.1102132003465894,False,False,False,True,False,0
95,0,3,1,30.0,0,0,8.05,2,2,U,1,27,1,8.05,24.150000000000002,2.2027647577118348,False,False,True,False,False,0
96,0,1,1,71.0,0,0,34.6542,0,2,A,1,25,1,34.6542,34.6542,3.57386695198272,False,False,False,False,True,0
97,1,1,1,23.0,0,1,63.3583,0,2,D,2,31,0,31.67915,63.3583,4.164465907853638,False,False,True,False,False,0
98,1,2,0,34.0,0,1,23.0,2,3,U,2,36,0,11.5,46.0,3.1780538303479458,False,False,True,False,False,0
99,0,2,1,34.0,1,0,26.0,2,2,U,2,17,0,13.0,52.0,3.295836866004329,False,False,True,False,False,0
100,0,3,0,28.0,0,0,7.8958,2,1,U,1,23,1,7.8958,23.6874,2.1855792552411137,False,False,True,False,False,0
101,0,3,1,30.0,0,0,7.8958,2,2,U,1,32,1,7.8958,23.6874,2.1855792552411137,False,False,True,False,False,0
102,0,1,1,21.0,0,1,77.2875,2,2,D,2,25,0,38.64375,77.2875,4.360387947851531,False,False,True,False,False,0
103,0,3,1,33.0,0,0,8.6542,2,2,U,1,26,1,8.6542,25.9626,2.267393053825037,False,False,True,False,False,0
104,0,3,1,37.0,2,0,7.925,2,2,U,3,30,0,2.6416666666666666,23.775,2.188856327665703,False,False,False,True,False,0
105,0,3,1,28.0,0,0,7.8958,2,2,U,1,21,1,7.8958,23.6874,2.1855792552411137,False,False,True,False,False,0
106,1,3,0,21.0,0,0,7.65,2,1,U,1,32,1,7.65,22.950000000000003,2.157559320943788,False,False,True,False,False,0
107,1,3,1,30.0,0,0,7.775,2,2,U,1,22,1,7.775,23.325000000000003,2.1719067693519296,False,False,True,False,False,0
108,0,3,1,38.0,0,0,7.8958,2,2,U,1,15,1,7.8958,23.6874,2.1855792552411137,False,False,False,True,False,0
109,1,3,0,21.0,1,0,24.15,1,1,U,2,19,0,12.075,72.44999999999999,3.224857896545748,False,False,True,False,False,0
110,0,1,1,47.0,0,0,52.0,2,2,C,1,30,1,52.0,52.0,3.970291913552122,False,False,False,True,False,0
111,0,3,0,14.5,1,0,14.4542,0,1,U,2,20,0,7.2271,43.3626,2.737880811060884,False,True,False,False,False,0
112,0,3,1,22.0,0,0,8.05,2,2,U,1,22,1,8.05,24.150000000000002,2.2027647577118348,False,False,True,False,False,0
113,0,3,0,20.0,1,0,9.825,2,1,U,2,23,0,4.9125,29.474999999999998,2.3818582738885534,False,False,True,False,False,0
114,0,3,0,17.0,0,0,14.4583,0,1,U,1,21,1,14.4583,43.3749,2.738146075922933,False,True,False,False,False,0
115,0,3,1,21.0,0,0,7.925,2,2,U,1,21,1,7.925,23.775,2.188856327665703,False,False,True,False,False,0
116,0,3,1,70.5,0,0,7.75,1,2,U,1,20,1,7.75,23.25,2.169053700369523,False,False,False,False,True,0
117,0,2,1,29.0,1,0,21.0,2,2,U,2,31,0,10.5,42.0,3.091042453358316,False,False,True,False,False,0
118,0,1,1,24.0,0,1,247.5208,0,2,B,2,24,0,123.7604,247.5208,5.515526544247129,False,False,True,False,False,0
119,0,3,0,2.0,4,2,31.275,2,1,U,7,33,0,4.4678571428571425,93.82499999999999,3.4742929367327062,True,False,False,False,False,1
120,0,2,1,21.0,2,0,73.5,2,2,U,3,27,0,24.5,147.0,4.310799125385514,False,False,True,False,False,0
121,0,3,1,30.0,0,0,8.05,2,2,U,1,26,1,8.05,24.150000000000002,2.2027647577118348,False,False,True,False,False,0
122,0,2,1,32.5,1,0,30.0708,0,2,U,2,20,0,15.0354,60.1416,3.436268471383741,False,False,True,False,False,0
123,1,2,0,32.5,0,0,13.0,2,1,E,1,19,1,13.0,26.0,2.6390573296152584,False,False,True,False,False,0
124,0,1,1,54.0,0,1,77.2875,2,2,D,2,27,0,38.64375,77.2875,4.360387947851531,False,False,False,True,False,0
125,1,3,1,12.0,1,0,11.2417,0,0,U,2,28,0,5.62085,33.7251,2.5048481563289,True,False,False,False,False,0
126,0,3,1,30.0,0,0,7.75,1,2,U,1,19,1,7.75,23.25,2.169053700369523,False,False,True,False,False,0
127,1,3,1,24.0,0,0,7.1417,2,2,U,1,25,1,7.1417,21.4251,2.0969990034181696,False,False,True,False,False,0
128,1,3,0,21.0,1,1,22.3583,0,1,F,3,17,0,7.452766666666666,67.0749,3.1509523813392697,False,False,True,False,False,0
129,0,3,1,45.0,0,0,6.975,2,2,U,1,18,1,6.975,20.924999999999997,2.076311648670908,False,False,False,True,False,0
130,0,3,1,33.0,0,0,7.8958,0,2,U,1,20,1,7.8958,23.6874,2.1855792552411137,False,False,True,False,False,0
131,0,3,1,20.0,0,0,7.05,2,2,U,1,30,1,7.05,21.15,2.0856720914304723,False,False,True,False,False,0
132,0,3,0,47.0,1,0,14.5,2,3,U,2,46,0,7.25,43.5,2.740840023925201,False,False,False,True,False,0
133,1,2,0,29.0,1,0,26.0,2,3,U,2,45,0,13.0,52.0,3.295836866004329,False,False,True,False,False,0
134,0,2,1,25.0,0,0,13.0,2,2,U,1,30,1,13.0,26.0,2.6390573296152584,False,False,True,False,False,0
135,0,2,1,23.0,0,0,15.0458,0,2,U,1,18,1,15.0458,30.0916,2.775447133088262,False,False,True,False,False,0
136,1,1,0,19.0,0,2,26.2833,2,1,D,3,28,0,8.7611,26.2833,3.3062747934011893,False,False,True,False,False,0
137,0,1,1,37.0,1,0,53.1,2,2,C,2,27,0,26.55,53.1,3.9908341858524357,False,False,False,True,False,0
138,0,3,1,16.0,0,0,9.2167,2,2,U,1,19,1,9.2167,27.6501,2.3240236363515288,False,True,False,False,False,0
139,0,1,1,24.0,0,0,79.2,0,2,B,1,18,1,79.2,79.2,4.384523514872469,False,False,True,False,False,0
140,0,3,0,35.0,0,2,15.2458,0,3,U,3,29,0,5.081933333333333,45.737399999999994,2.7878344138303452,False,False,True,False,False,0
141,1,3,0,22.0,0,0,7.75,2,1,U,1,24,1,7.75,23.25,2.169053700369523,False,False,True,False,False,0
142,1,3,0,24.0,1,0,15.85,2,3,U,2,52,0,7.925,47.55,2.8243506567983707,False,False,True,False,False,0
143,0,3,1,19.0,0,0,6.75,1,2,U,1,19,1,6.75,20.25,2.0476928433652555,False,False,True,False,False,0
144,0,2,1,18.0,0,0,11.5,2,2,U,1,26,1,11.5,23.0,2.5257286443082556,False,True,False,False,False,0
145,0,2,1,19.0,1,1,36.75,2,2,U,3,28,0,12.25,73.5,3.6309854756950335,False,False,True,False,False,0
146,1,3,1,27.0,0,0,7.7958,2,2,U,1,44,1,7.7958,23.3874,2.174274334826008,False,False,True,False,False,0
147,0,3,0,9.0,2,2,34.375,2,1,U,5,32,0,6.875,103.125,3.5660053559634015,True,False,False,False,False,1
148,0,2,1,36.5,0,2,26.0,2,2,F,3,40,0,8.666666666666666,52.0,3.295836866004329,False,False,False,True,False,0
149,0,2,1,42.0,0,0,13.0,2,4,U,1,33,1,13.0,26.0,2.6390573296152584,False,False,False,True,False,0
150,0,2,1,51.0,0,0,12.525,2,4,U,1,26,1,12.525,25.05,2.6045398247325453,False,False,False,True,False,0
151,1,1,0,22.0,1,0,66.6,2,3,C,2,33,0,33.3,66.6,4.213607983048918,False,False,True,False,False,0
152,0,3,1,55.5,0,0,8.05,2,2,U,1,16,1,8.05,24.150000000000002,2.2027647577118348,False,False,False,True,False,0
153,0,3,1,40.5,0,2,14.5,2,2,U,3,31,0,4.833333333333333,43.5,2.740840023925201,False,False,False,True,False,0
154,0,3,1,30.0,0,0,7.3125,2,2,U,1,21,1,7.3125,21.9375,2.1177604059819726,False,False,True,False,False,0
155,0,1,1,51.0,0,1,61.3792,0,2,U,2,27,0,30.6896,61.3792,4.133231886474144,False,False,False,True,False,0
156,1,3,0,16.0,0,0,7.7333,1,1,U,1,32,1,7.7333,23.1999,2.167143305297764,False,True,False,False,False,0
157,0,3,1,30.0,0,0,8.05,2,2,U,1,15,1,8.05,24.150000000000002,2.2027647577118348,False,False,True,False,False,0
158,0,3,1,30.0,0,0,8.6625,2,2,U,1,19,1,8.6625,25.987499999999997,2.2682524139135403,False,False,True,False,False,0
159,0,3,1,3.5,8,2,69.55,2,0,U,11,26,0,6.322727272727272,208.64999999999998,4.256321678298823,True,False,False,False,False,0
160,0,3,1,44.0,0,1,16.1,2,2,U,2,24,0,8.05,48.300000000000004,2.8390784635086144,False,False,False,True,False,0
161,1,2,0,40.0,0,0,15.75,2,3,U,1,50,1,15.75,31.5,2.8183982582710754,False,False,False,True,False,0
162,0,3,1,26.0,0,0,7.775,2,2,U,1,26,1,7.775,23.325000000000003,2.1719067693519296,False,False,True,False,False,0
163,0,3,1,17.0,0,0,8.6625,2,2,U,1,15,1,8.6625,25.987499999999997,2.2682524139135403,False,True,False,False,False,0
164,0,3,1,1.0,4,1,39.6875,2,0,U,6,28,0,6.614583333333333,119.0625,3.705920919968788,True,False,False,False,False,0
165,1,3,1,9.0,0,2,20.525,2,0,U,3,47,0,6.841666666666666,61.574999999999996,3.0692150503137943,True,False,False,False,False,0
166,1,1,0,35.0,0,1,55.0,2,3,E,2,38,0,27.5,55.0,4.02535169073515,False,False,True,False,False,0
167,0,3,0,45.0,1,4,27.9,2,3,U,6,47,0,4.6499999999999995,83.69999999999999,3.3638415951183864,False,False,False,True,False,0
168,0,1,1,30.0,0,0,25.925,2,2,U,1,19,1,25.925,25.925,3.2930552230424524,False,False,True,False,False,0
169,0,3,1,28.0,0,0,56.4958,2,2,U,1,13,1,56.4958,169.4874,4.05171190165724,False,False,True,False,False,0
170,0,1,1,61.0,0,0,33.5,2,2,B,1,25,1,33.5,33.5,3.5409593240373143,False,False,False,False,True,0
171,0,3,1,4.0,4,1,29.125,1,0,U,6,20,0,4.854166666666667,87.375,3.405355391810819,True,False,False,False,False,0
172,1,3,0,1.0,1,1,11.1333,2,1,U,3,28,0,3.7111,33.3999,2.495953738718064,True,False,False,False,False,1
173,0,3,1,21.0,0,0,7.925,2,2,U,1,25,1,7.925,23.775,2.188856327665703,False,False,True,False,False,0
174,0,1,1,56.0,0,0,30.6958,0,2,A,1,23,1,30.6958,30.6958,3.4561841799918147,False,False,False,True,False,0
175,0,3,1,18.0,1,1,7.8542,2,2,U,3,22,0,2.6180666666666665,23.5626,2.180891922715322,False,True,False,False,False,0
176,0,3,1,3.5,3,1,25.4667,2,0,U,5,29,0,5.0933399999999995,76.4001,3.275887339030031,True,False,False,False,False,0
177,0,1,0,50.0,0,0,28.7125,0,1,C,1,26,1,28.7125,28.7125,3.391567832686312,False,False,False,True,False,0
178,0,2,1,30.0,0,0,13.0,2,2,U,1,18,1,13.0,26.0,2.6390573296152584,False,False,True,False,False,0
179,0,3,1,36.0,0,0,0.0,2,2,U,1,19,1,0.0,0.0,0.0,False,False,False,True,False,0
180,0,3,0,21.0,8,2,69.55,2,1,U,11,28,0,6.322727272727272,208.64999999999998,4.256321678298823,False,False,True,False,False,0
181,0,2,1,30.0,0,0,15.05,0,2,U,1,16,1,15.05,30.1,2.775708849576025,False,False,True,False,False,0
182,0,3,1,9.0,4,2,31.3875,2,0,U,7,37,0,4.483928571428572,94.1625,3.4777725458882283,True,False,False,False,False,0
183,1,2,1,1.0,2,1,39.0,2,0,F,4,25,0,9.75,78.0,3.6888794541139363,True,False,False,False,False,0
184,1,3,0,4.0,0,2,22.025,2,1,U,3,35,0,7.341666666666666,66.07499999999999,3.1365805821413706,True,False,False,False,False,1
185,0,1,1,30.0,0,0,50.0,2,2,A,1,21,1,50.0,50.0,3.9318256327243257,False,False,True,False,False,0
186,1,3,0,35.0,1,0,15.5,1,3,U,2,47,0,7.75,46.5,2.803360380906535,False,False,True,False,False,0
187,1,1,1,45.0,0,0,26.55,2,2,U,1,45,1,26.55,26.55,3.3160025355989236,False,False,False,True,False,0
188,0,3,1,40.0,1,1,15.5,1,2,U,3,16,0,5.166666666666667,46.5,2.803360380906535,False,False,False,True,False,0
189,0,3,1,36.0,0,0,7.8958,2,2,U,1,19,1,7.8958,23.6874,2.1855792552411137,False,False,False,True,False,0
190,1,2,0,32.0,0,0,13.0,2,3,U,1,19,1,13.0,26.0,2.6390573296152584,False,False,True,False,False,0
191,0,2,1,19.0,0,0,13.0,2,2,U,1,21,1,13.0,26.0,2.6390573296152584,False,False,True,False,False,0
192,1,3,0,19.0,1,0,7.8542,2,1,U,2,47,0,3.9271,23.5626,2.180891922715322,False,False,True,False,False,0
193,1,2,1,3.0,1,1,26.0,2,0,F,3,26,0,8.666666666666666,52.0,3.295836866004329,True,False,False,False,False,0
194,1,1,0,44.0,0,0,27.7208,0,3,B,1,41,1,27.7208,27.7208,3.357621598945279,False,False,False,True,False,0
195,1,1,0,58.0,0,0,146.5208,0,1,B,1,20,1,146.5208,146.5208,4.993969182787072,False,False,False,True,False,0
196,0,3,1,30.0,0,0,7.75,1,2,U,1,19,1,7.75,23.25,2.169053700369523,False,False,True,False,False,0
197,0,3,1,42.0,0,1,8.4042,2,2,U,2,32,0,4.2021,25.2126,2.2411563979973974,False,False,False,True,False,0
198,1,3,0,21.0,0,0,7.75,1,1,U,1,32,1,7.75,23.25,2.169053700369523,False,False,True,False,False,0
199,0,2,0,24.0,0,0,13.0,2,1,U,1,38,1,13.0,26.0,2.6390573296152584,False,False,True,False,False,0
200,0,3,1,28.0,0,0,9.5,2,2,U,1,30,1,9.5,28.5,2.3513752571634776,False,False,True,False,False,0
201,0,3,1,30.0,8,2,69.55,2,2,U,11,19,0,6.322727272727272,208.64999999999998,4.256321678298823,False,False,True,False,False,0
202,0,3,1,34.0,0,0,6.4958,2,2,U,1,26,1,6.4958,19.4874,2.0143428636837015,False,False,True,False,False,0
203,0,3,1,45.5,0,0,7.225,0,2,U,1,20,1,7.225,21.674999999999997,2.1071782966514356,False,False,False,True,False,0
204,1,3,1,18.0,0,0,8.05,2,2,U,1,24,1,8.05,24.150000000000002,2.2027647577118348,False,True,False,False,False,0
205,0,3,0,2.0,0,1,10.4625,2,1,G,2,26,0,5.23125,31.387500000000003,2.4390808375825834,True,False,False,False,False,1
206,0,3,1,32.0,1,0,15.85,2,2,U,2,26,0,7.925,47.55,2.8243506567983707,False,False,True,False,False,0
207,1,3,1,26.0,0,0,18.7875,0,2,U,1,27,1,18.7875,56.362500000000004,2.9850504252071306,False,False,True,False,False,0
208,1,3,0,16.0,0,0,7.75,1,1,U,1,25,1,7.75,23.25,2.169053700369523,False,True,False,False,False,0
209,1,1,1,40.0,0,0,31.0,0,2,A,1,16,1,31.0,31.0,3.4657359027997265,False,False,False,True,False,0
210,0,3,1,24.0,0,0,7.05,2,2,U,1,14,1,7.05,21.15,2.0856720914304723,False,False,True,False,False,0
211,1,2,0,35.0,0,0,21.0,2,1,U,1,26,1,21.0,42.0,3.091042453358316,False,False,True,False,False,0
212,0,3,1,22.0,0,0,7.25,2,2,U,1,22,1,7.25,21.75,2.1102132003465894,False,False,True,False,False,0
213,0,2,1,30.0,0,0,13.0,2,2,U,1,27,1,13.0,26.0,2.6390573296152584,False,False,True,False,False,0
214,0,3,1,30.0,1,0,7.75,1,2,U,2,19,0,3.875,23.25,2.169053700369523,False,False,True,False,False,0
215,1,1,0,31.0,1,0,113.275,0,1,D,2,23,0,56.6375,113.275,4.738607824217808,False,False,True,False,False,0
216,1,3,0,27.0,0,0,7.925,2,1,U,1,22,1,7.925,23.775,2.188856327665703,False,False,True,False,False,0
217,0,2,1,42.0,1,0,27.0,2,2,U,2,28,0,13.5,54.0,3.332204510175204,False,False,False,True,False,0
218,1,1,0,32.0,0,0,76.2917,0,1,D,1,21,1,76.2917,76.2917,4.347586575960343,False,False,True,False,False,0
219,0,2,1,30.0,0,0,10.5,2,2,U,1,18,1,10.5,21.0,2.4423470353692043,False,False,True,False,False,0
220,1,3,1,16.0,0,0,8.05,2,2,U,1,30,1,8.05,24.150000000000002,2.2027647577118348,False,True,False,False,False,0
221,0,2,1,27.0,0,0,13.0,2,2,U,1,20,1,13.0,26.0,2.6390573296152584,False,False,True,False,False,0
222,0,3,1,51.0,0,0,8.05,2,2,U,1,23,1,8.05,24.150000000000002,2.2027647577118348,False,False,False,True,False,0
223,0,3,1,30.0,0,0,7.8958,2,2,U,1,20,1,7.8958,23.6874,2.1855792552411137,False,False,True,False,False,0
224,1,1,1,38.0,1,0,90.0,2,2,C,2,28,0,45.0,90.0,4.51085950651685,False,False,False,True,False,0
225,0,3,1,22.0,0,0,9.35,2,2,U,1,28,1,9.35,28.049999999999997,2.336986519711378,False,False,True,False,False,0
226,1,2,1,19.0,0,0,10.5,2,2,U,1,25,1,10.5,21.0,2.4423470353692043,False,False,True,False,False,0
227,0,3,1,20.5,0,0,7.25,2,2,U,1,31,1,7.25,21.75,2.1102132003465894,False,False,True,False,False,0
228,0,2,1,18.0,0,0,13.0,2,2,U,1,25,1,13.0,26.0,2.6390573296152584,False,True,False,False,False,0
229,0,3,0,21.0,3,1,25.4667,2,1,U,5,23,0,5.0933399999999995,76.4001,3.275887339030031,False,False,True,False,False,0
230,1,1,0,35.0,1,0,83.475,2,3,C,2,44,0,41.7375,83.475,4.436455632600354,False,False,True,False,False,0
231,0,3,1,29.0,0,0,7.775,2,2,U,1,24,1,7.775,23.325000000000003,2.1719067693519296,False,False,True,False,False,0
232,0,2,1,59.0,0,0,13.5,2,2,U,1,25,1,13.5,27.0,2.6741486494265287,False,False,False,True,False,0
233,1,3,0,5.0,4,2,31.3875,2,1,U,7,30,0,4.483928571428572,94.1625,3.4777725458882283,True,False,False,False,False,1
234,0,2,1,24.0,0,0,10.5,2,2,U,1,33,1,10.5,21.0,2.4423470353692043,False,False,True,False,False,0
235,0,3,0,21.0,0,0,7.55,2,1,U,1,28,1,7.55,22.65,2.145931282948669,False,False,True,False,False,0
236,0,2,1,44.0,1,0,26.0,2,2,U,2,17,0,13.0,52.0,3.295836866004329,False,False,False,True,False,0
237,1,2,0,8.0,0,2,26.25,2,1,U,3,32,0,8.75,52.5,3.305053521109253,True,False,False,False,False,1
238,0,2,1,19.0,0,0,10.5,2,2,U,1,31,1,10.5,21.0,2.4423470353692043,False,False,True,False,False,0
239,0,2,1,33.0,0,0,12.275,2,2,U,1,22,1,12.275,24.55,2.5858825671280026,False,False,True,False,False,0
240,0,3,0,21.0,1,0,14.4542,0,1,U,2,21,0,7.2271,43.3626,2.737880811060884,False,False,True,False,False,0
241,1,3,0,21.0,1,0,15.5,1,1,U,2,30,0,7.75,46.5,2.803360380906535,False,False,True,False,False,0
242,0,2,1,29.0,0,0,10.5,2,2,U,1,31,1,10.5,21.0,2.4423470353692043,False,False,True,False,False,0
243,0,3,1,22.0,0,0,7.125,2,2,U,1,29,1,7.125,21.375,2.094945728215801,False,False,True,False,False,0
244,0,3,1,30.0,0,0,7.225,0,2,U,1,20,1,7.225,21.674999999999997,2.1071782966514356,False,False,True,False,False,0
245,0,1,1,44.0,2,0,90.0,1,4,C,3,27,0,30.0,90.0,4.51085950651685,False,False,False,True,False,0
246,0,3,0,25.0,0,0,7.775,2,1,U,1,37,1,7.775,23.325000000000003,2.1719067693519296,False,False,True,False,False,0
247,1,2,0,24.0,0,2,14.5,2,3,U,3,31,0,4.833333333333333,29.0,2.740840023925201,False,False,True,False,False,0
248,1,1,1,37.0,1,1,52.5542,2,2,D,3,29,0,17.518066666666666,52.5542,3.9806942251907276,False,False,False,True,False,0
249,0,2,1,54.0,1,0,26.0,2,4,U,2,29,0,13.0,52.0,3.295836866004329,False,False,False,True,False,0
250,0,3,1,30.0,0,0,7.25,2,2,U,1,22,1,7.25,21.75,2.1102132003465894,False,False,True,False,False,0
251,0,3,0,29.0,1,1,10.4625,2,3,G,3,42,0,3.4875000000000003,31.387500000000003,2.4390808375825834,False,False,True,False,False,0
252,0,1,1,62.0,0,0,26.55,2,2,C,1,25,1,26.55,26.55,3.3160025355989236,False,False,False,False,True,0
253,0,3,1,30.0,1,0,16.1,2,2,U,2,24,0,8.05,48.300000000000004,2.8390784635086144,False,False,True,False,False,0
254,0,3,0,41.0,0,2,20.2125,2,3,U,3,40,0,6.7375,60.637499999999996,3.0545906305603445,False,False,False,True,False,0
255,1,3,0,29.0,0,2,15.2458,0,3,U,3,39,0,5.081933333333333,45.737399999999994,2.7878344138303452,False,False,True,False,False,0
256,1,1,0,35.0,0,0,79.2,0,3,U,1,30,1,79.2,79.2,4.384523514872469,False,False,True,False,False,0
257,1,1,0,30.0,0,0,86.5,2,1,B,1,20,1,86.5,86.5,4.471638793363569,False,False,True,False,False,0
258,1,1,0,35.0,0,0,512.3292,0,1,U,1,16,1,512.3292,512.3292,6.240917354759096,False,False,True,False,False,0
259,1,2,0,50.0,0,1,26.0,2,3,U,2,27,0,13.0,52.0,3.295836866004329,False,False,False,True,False,0
260,0,3,1,30.0,0,0,7.75,1,2,U,1,17,1,7.75,23.25,2.169053700369523,False,False,True,False,False,0
261,1,3,1,3.0,4,2,31.3875,2,0,U,7,33,0,4.483928571428572,94.1625,3.4777725458882283,True,False,False,False,False,0
262,0,1,1,52.0,1,1,79.65,2,2,E,3,17,0,26.55,79.65,4.390118804571218,False,False,False,True,False,0
263,0,1,1,40.0,0,0,0.0,2,2,B,1,21,1,0.0,0.0,0.0,False,False,False,True,False,0
264,0,3,0,21.0,0,0,7.75,1,1,U,1,18,1,7.75,23.25,2.169053700369523,False,False,True,False,False,0
265,0,2,1,36.0,0,0,10.5,2,2,U,1,17,1,10.5,21.0,2.4423470353692043,False,False,False,True,False,0
266,0,3,1,16.0,4,1,39.6875,2,2,U,6,25,0,6.614583333333333,119.0625,3.705920919968788,False,True,False,False,False,0
267,1,3,1,25.0,1,0,7.775,2,2,U,2,24,0,3.8875,23.325000000000003,2.1719067693519296,False,False,True,False,False,0
268,1,1,0,58.0,0,1,153.4625,2,3,C,2,45,0,76.73125,153.4625,5.039951348430309,False,False,False,True,False,0
269,1,1,0,35.0,0,0,135.6333,2,1,C,1,22,1,135.6333,135.6333,4.91730069488021,False,False,True,False,False,0
270,0,1,1,30.0,0,0,31.0,2,2,U,1,21,1,31.0,31.0,3.4657359027997265,False,False,True,False,False,0
271,1,3,1,25.0,0,0,0.0,2,2,U,1,28,1,0.0,0.0,0.0,False,False,True,False,False,0
272,1,2,0,41.0,0,1,19.5,2,3,U,2,41,0,9.75,39.0,3.0204248861443626,False,False,False,True,False,0
273,0,1,1,37.0,0,1,29.7,0,2,C,2,21,0,14.85,29.7,3.4242626545931514,False,False,False,True,False,0
274,1,3,0,21.0,0,0,7.75,1,1,U,1,26,1,7.75,23.25,2.169053700369523,False,False,True,False,False,0
275,1,1,0,63.0,1,0,77.9583,2,1,D,2,33,0,38.97915,77.9583,4.368919865004903,False,False,False,False,True,0
276,0,3,0,45.0,0,0,7.75,2,1,U,1,33,1,7.75,23.25,2.169053700369523,False,False,False,True,False,0
277,0,2,1,30.0,0,0,0.0,2,2,U,1,27,1,0.0,0.0,0.0,False,False,True,False,False,0
278,0,3,1,7.0,4,1,29.125,1,0,U,6,18,0,4.854166666666667,87.375,3.405355391810819,True,False,False,False,False,0
279,1,3,0,35.0,1,1,20.25,2,3,U,3,32,0,6.75,60.75,3.056356895370426,False,False,True,False,False,0
280,0,3,1,65.0,0,0,7.75,1,2,U,1,16,1,7.75,23.25,2.169053700369523,False,False,False,False,True,0
281,0,3,1,28.0,0,0,7.8542,2,2,U,1,32,1,7.8542,23.5626,2.180891922715322,False,False,True,False,False,0
282,0,3,1,16.0,0,0,9.5,2,2,U,1,25,1,9.5,28.5,2.3513752571634776,False,True,False,False,False,0
283,1,3,1,19.0,0,0,8.05,2,2,U,1,26,1,8.05,24.150000000000002,2.2027647577118348,False,False,True,False,False,0
284,0,1,1,30.0,0,0,26.0,2,2,A,1,26,1,26.0,26.0,3.295836866004329,False,False,True,False,False,0
285,0,3,1,33.0,0,0,8.6625,0,2,U,1,19,1,8.6625,25.987499999999997,2.2682524139135403,False,False,True,False,False,0
286,1,3,1,30.0,0,0,9.5,2,2,U,1,23,1,9.5,28.5,2.3513752571634776,False,False,True,False,False,0
287,0,3,1,22.0,0,0,7.8958,2,2,U,1,20,1,7.8958,23.6874,2.1855792552411137,False,False,True,False,False,0
288,1,2,1,42.0,0,0,13.0,2,2,U,1,20,1,13.0,26.0,2.6390573296152584,False,False,False,True,False,0
289,1,3,0,22.0,0,0,7.75,1,1,U,1,20,1,7.75,23.25,2.169053700369523,False,False,True,False,False,0
290,1,1,0,26.0,0,0,78.85,2,1,U,1,28,1,78.85,78.85,4.380149874661021,False,False,True,False,False,0
291,1,1,0,19.0,1,0,91.0792,0,3,B,2,39,0,45.5396,91.0792,4.5226490762785785,False,False,True,False,False,0
292,0,2,1,36.0,0,0,12.875,0,2,D,1,22,1,12.875,25.75,2.630088659632498,False,False,False,True,False,0
293,0,3,0,24.0,0,0,8.85,2,1,U,1,19,1,8.85,26.549999999999997,2.2874714551839976,False,False,True,False,False,0
294,0,3,1,24.0,0,0,7.8958,2,2,U,1,16,1,7.8958,23.6874,2.1855792552411137,False,False,True,False,False,0
295,0,1,1,30.0,0,0,27.7208,0,2,U,1,17,1,27.7208,27.7208,3.357621598945279,False,False,True,False,False,0
296,0,3,1,23.5,0,0,7.2292,0,2,U,1,18,1,7.2292,21.6876,2.1076888046179385,False,False,True,False,False,0
297,0,1,0,2.0,1,2,151.55,2,1,C,4,28,0,37.8875,151.55,5.027492411162679,True,False,False,False,False,1
298,1,1,1,30.0,0,0,30.5,2,2,C,1,21,1,30.5,30.5,3.449987545831587,False,False,True,False,False,0
299,1,1,0,50.0,0,1,247.5208,0,3,B,2,47,0,123.7604,247.5208,5.515526544247129,False,False,False,True,False,0
300,1,3,0,21.0,0,0,7.75,1,1,U,1,40,1,7.75,23.25,2.169053700369523,False,False,True,False,False,0
301,1,3,1,30.0,2,0,23.25,1,2,U,3,18,0,7.75,69.75,3.188416617383492,False,False,True,False,False,0
302,0,3,1,19.0,0,0,0.0,2,2,U,1,31,1,0.0,0.0,0.0,False,False,True,False,False,0
303,1,2,0,21.0,0,0,12.35,1,1,E,1,19,1,12.35,24.7,2.5915163848462583,False,False,True,False,False,0
304,0,3,1,30.0,0,0,8.05,2,2,U,1,33,1,8.05,24.150000000000002,2.2027647577118348,False,False,True,False,False,0
305,1,1,1,0.92,1,2,151.55,2,0,C,4,30,0,37.8875,151.55,5.027492411162679,True,False,False,False,False,0
306,1,1,0,21.0,0,0,110.8833,0,1,U,1,23,1,110.8833,110.8833,4.717456363787216,False,False,True,False,False,0
307,1,1,0,17.0,1,0,108.9,0,3,C,2,82,0,54.45,108.9,4.699570861409576,False,True,False,False,False,0
308,0,2,1,30.0,1,0,24.0,0,2,U,2,19,0,12.0,48.0,3.2188758248682006,False,False,True,False,False,0
309,1,1,0,30.0,0,0,56.9292,0,1,E,1,30,1,56.9292,56.9292,4.0592215752427645,False,False,True,False,False,0
310,1,1,0,24.0,0,0,83.1583,0,1,C,1,30,1,83.1583,83.1583,4.432699549165613,False,False,True,False,False,0
311,1,1,0,18.0,2,2,262.375,0,1,B,5,26,0,52.475,262.375,5.5735788721243535,False,True,False,False,False,0
312,0,2,0,26.0,1,1,26.0,2,3,U,3,37,0,8.666666666666666,52.0,3.295836866004329,False,False,True,False,False,0
313,0,3,1,28.0,0,0,7.8958,2,2,U,1,22,1,7.8958,23.6874,2.1855792552411137,False,False,True,False,False,0
314,0,2,1,43.0,1,1,26.25,2,2,U,3,18,0,8.75,52.5,3.305053521109253,False,False,False,True,False,0
315,1,3,0,26.0,0,0,7.8542,2,1,U,1,31,1,7.8542,23.5626,2.180891922715322,False,False,True,False,False,0
316,1,2,0,24.0,1,0,26.0,2,3,U,2,35,0,13.0,52.0,3.295836866004329,False,False,True,False,False,0
317,0,2,1,54.0,0,0,14.0,2,4,U,1,20,1,14.0,28.0,2.70805020110221,False,False,False,True,False,0
318,1,1,0,31.0,0,2,164.8667,2,1,C,3,24,0,54.95556666666667,164.8667,5.11118445372147,False,False,True,False,False,0
319,1,1,0,40.0,1,1,134.5,0,3,E,3,56,0,44.833333333333336,134.5,4.908971640319756,False,False,False,True,False,0
320,0,3,1,22.0,0,0,7.25,2,2,U,1,18,1,7.25,21.75,2.1102132003465894,False,False,True,False,False,0
321,0,3,1,27.0,0,0,7.8958,2,2,U,1,16,1,7.8958,23.6874,2.1855792552411137,False,False,True,False,False,0
322,1,2,0,30.0,0,0,12.35,1,1,U,1,25,1,12.35,24.7,2.5915163848462583,False,False,True,False,False,0
323,1,2,0,22.0,1,1,29.0,2,3,U,3,51,0,9.666666666666666,58.0,3.4011973816621555,False,False,True,False,False,0
324,0,3,1,30.0,8,2,69.55,2,2,U,11,24,0,6.322727272727272,208.64999999999998,4.256321678298823,False,False,True,False,False,0
325,1,1,0,36.0,0,0,135.6333,0,1,C,1,24,1,135.6333,135.6333,4.91730069488021,False,False,False,True,False,0
326,0,3,1,61.0,0,0,6.2375,2,2,U,1,25,1,6.2375,18.7125,1.9792758428991135,False,False,False,False,True,0
327,1,2,0,36.0,0,0,13.0,2,3,D,1,23,1,13.0,26.0,2.6390573296152584,False,False,False,True,False,0
328,1,3,0,31.0,1,1,20.525,2,3,U,3,46,0,6.841666666666666,61.574999999999996,3.0692150503137943,False,False,True,False,False,0
329,1,1,0,16.0,0,1,57.9792,0,1,B,2,28,0,28.9896,57.9792,4.077184839375167,False,True,False,False,False,0
330,1,3,0,21.0,2,0,23.25,1,1,U,3,18,0,7.75,69.75,3.188416617383492,False,False,True,False,False,0
331,0,1,1,45.5,0,0,28.5,2,2,C,1,19,1,28.5,28.5,3.3843902633457743,False,False,False,True,False,0
332,0,1,1,38.0,0,1,153.4625,2,2,C,2,25,0,76.73125,153.4625,5.039951348430309,False,False,False,True,False,0
333,0,3,1,16.0,2,0,18.0,2,2,U,3,31,0,6.0,54.0,2.9444389791664403,False,True,False,False,False,0
334,1,1,0,35.0,1,0,133.65,2,3,U,2,50,0,66.825,133.65,4.902678819257608,False,False,True,False,False,0
335,0,3,1,30.0,0,0,7.8958,2,2,U,1,18,1,7.8958,23.6874,2.1855792552411137,False,False,True,False,False,0
336,0,1,1,29.0,1,0,66.6,2,2,C,2,25,0,33.3,66.6,4.213607983048918,False,False,True,False,False,0
337,1,1,0,41.0,0,0,134.5,0,1,E,1,31,1,134.5,134.5,4.908971640319756,False,False,False,True,False,0
338,1,3,1,45.0,0,0,8.05,2,2,U,1,21,1,8.05,24.150000000000002,2.2027647577118348,False,False,False,True,False,0
339,0,1,1,45.0,0,0,35.5,2,2,T,1,28,1,35.5,35.5,3.597312260588446,False,False,False,True,False,0
340,1,2,1,2.0,1,1,26.0,2,0,F,3,30,0,8.666666666666666,52.0,3.295836866004329,True,False,False,False,False,0
341,1,1,0,24.0,3,2,263.0,2,1,C,6,30,0,43.833333333333336,263.0,5.575949103146316,False,False,True,False,False,0
342,0,2,1,28.0,0,0,13.0,2,2,U,1,26,1,13.0,26.0,2.6390573296152584,False,False,True,False,False,0
343,0,2,1,25.0,0,0,13.0,2,2,U,1,42,1,13.0,26.0,2.6390573296152584,False,False,True,False,False,0
344,0,2,1,36.0,0,0,13.0,2,2,U,1,23,1,13.0,26.0,2.6390573296152584,False,False,False,True,False,0
345,1,2,0,24.0,0,0,13.0,2,1,F,1,29,1,13.0,26.0,2.6390573296152584,False,False,True,False,False,0
346,1,2,0,40.0,0,0,13.0,2,1,U,1,25,1,13.0,26.0,2.6390573296152584,False,False,False,True,False,0
347,1,3,0,35.0,1,0,16.1,2,3,U,2,41,0,8.05,48.300000000000004,2.8390784635086144,False,False,True,False,False,0
348,1,3,1,3.0,1,1,15.9,2,0,U,3,38,0,5.3,47.7,2.8273136219290276,True,False,False,False,False,0
349,0,3,1,42.0,0,0,8.6625,2,2,U,1,16,1,8.6625,25.987499999999997,2.2682524139135403,False,False,False,True,False,0
350,0,3,1,23.0,0,0,9.225,2,2,U,1,22,1,9.225,27.674999999999997,2.3248357019288655,False,False,True,False,False,0
351,0,1,1,30.0,0,0,35.0,2,2,C,1,38,1,35.0,35.0,3.58351893845611,False,False,True,False,False,0
352,0,3,1,15.0,1,1,7.2292,0,2,U,3,18,0,2.409733333333333,21.6876,2.1076888046179385,False,True,False,False,False,0
353,0,3,1,25.0,1,0,17.8,2,2,U,2,25,0,8.9,53.400000000000006,2.9338568698359038,False,False,True,False,False,0
354,0,3,1,30.0,0,0,7.225,0,2,U,1,17,1,7.225,21.674999999999997,2.1071782966514356,False,False,True,False,False,0
355,0,3,1,28.0,0,0,9.5,2,2,U,1,27,1,9.5,28.5,2.3513752571634776,False,False,True,False,False,0
356,1,1,0,22.0,0,1,55.0,2,1,E,2,27,0,27.5,55.0,4.02535169073515,False,False,True,False,False,0
357,0,2,0,38.0,0,0,13.0,2,1,U,1,25,1,13.0,26.0,2.6390573296152584,False,False,False,True,False,0
358,1,3,0,21.0,0,0,7.8792,1,1,U,1,20,1,7.8792,23.6376,2.1837114628556327,False,False,True,False,False,0
359,1,3,0,21.0,0,0,7.8792,1,1,U,1,33,1,7.8792,23.6376,2.1837114628556327,False,False,True,False,False,0
360,0,3,1,40.0,1,4,27.9,2,2,U,6,18,0,4.6499999999999995,83.69999999999999,3.3638415951183864,False,False,False,True,False,0
361,0,2,1,29.0,1,0,27.7208,0,2,U,2,25,0,13.8604,55.4416,3.357621598945279,False,False,True,False,False,0
362,0,3,0,45.0,0,1,14.4542,0,3,U,2,31,0,7.2271,43.3626,2.737880811060884,False,False,False,True,False,0
363,0,3,1,35.0,0,0,7.05,2,2,U,1,15,1,7.05,21.15,2.0856720914304723,False,False,True,False,False,0
364,0,3,1,30.0,1,0,15.5,1,2,U,2,19,0,7.75,46.5,2.803360380906535,False,False,True,False,False,0
365,0,3,1,30.0,0,0,7.25,2,2,U,1,30,1,7.25,21.75,2.1102132003465894,False,False,True,False,False,0
366,1,1,0,60.0,1,0,75.25,0,3,D,2,48,0,37.625,75.25,4.334017415487521,False,False,False,True,False,0
367,1,3,0,35.0,0,0,7.2292,0,3,U,1,30,1,7.2292,21.6876,2.1076888046179385,False,False,True,False,False,0
368,1,3,0,21.0,0,0,7.75,1,1,U,1,19,1,7.75,23.25,2.169053700369523,False,False,True,False,False,0
369,1,1,0,24.0,0,0,69.3,0,3,B,1,29,1,69.3,69.3,4.252771798816619,False,False,True,False,False,0
370,1,1,1,25.0,1,0,55.4417,0,2,E,2,27,0,27.72085,55.4417,4.0332082470129285,False,False,True,False,False,0
371,0,3,1,18.0,1,0,6.4958,2,2,U,2,25,0,3.2479,19.4874,2.0143428636837015,False,True,False,False,False,0
372,0,3,1,19.0,0,0,8.05,2,2,U,1,26,1,8.05,24.150000000000002,2.2027647577118348,False,False,True,False,False,0
373,0,1,1,22.0,0,0,135.6333,0,2,U,1,19,1,135.6333,135.6333,4.91730069488021,False,False,True,False,False,0
374,0,3,0,3.0,3,1,21.075,2,1,U,5,26,0,4.215,63.224999999999994,3.0944457464900235,True,False,False,False,False,1
375,1,1,0,35.0,1,0,82.1708,0,3,U,2,37,0,41.0854,82.1708,4.420896324687287,False,False,True,False,False,0
376,1,3,0,22.0,0,0,7.25,2,1,U,1,31,1,7.25,21.75,2.1102132003465894,False,False,True,False,False,0
377,0,1,1,27.0,0,2,211.5,0,2,C,3,25,0,70.5,211.5,5.358941988364472,False,False,True,False,False,0
378,0,3,1,20.0,0,0,4.0125,0,2,U,1,19,1,4.0125,12.037500000000001,1.6119347926326877,False,False,True,False,False,0
379,0,3,1,19.0,0,0,7.775,2,2,U,1,27,1,7.775,23.325000000000003,2.1719067693519296,False,False,True,False,False,0
380,1,1,0,42.0,0,0,227.525,0,1,U,1,21,1,227.525,227.525,5.4316456135398825,False,False,False,True,False,0
381,1,3,0,1.0,0,2,15.7417,0,1,U,3,27,0,5.247233333333333,47.2251,2.817902613071225,True,False,False,False,False,1
382,0,3,1,32.0,0,0,7.925,2,2,U,1,18,1,7.925,23.775,2.188856327665703,False,False,True,False,False,0
383,1,1,0,35.0,1,0,52.0,2,3,U,2,51,0,26.0,52.0,3.970291913552122,False,False,True,False,False,0
384,0,3,1,30.0,0,0,7.8958,2,2,U,1,22,1,7.8958,23.6874,2.1855792552411137,False,False,True,False,False,0
385,0,2,1,18.0,0,0,73.5,2,2,U,1,25,1,73.5,147.0,4.310799125385514,False,True,False,False,False,0
386,0,3,1,1.0,5,2,46.9,2,0,U,8,31,0,5.8625,140.7,3.8691155044168695,True,False,False,False,False,0
387,1,2,0,36.0,0,0,13.0,2,1,U,1,16,1,13.0,26.0,2.6390573296152584,False,False,False,True,False,0
388,0,3,1,30.0,0,0,7.7292,1,2,U,1,20,1,7.7292,23.1876,2.1666737276227077,False,False,True,False,False,0
389,1,2,0,17.0,0,0,12.0,0,1,U,1,21,1,12.0,24.0,2.5649493574615367,False,True,False,False,False,0
390,1,1,1,36.0,1,2,120.0,2,2,B,4,26,0,30.0,120.0,4.795790545596741,False,False,False,True,False,0
391,1,3,1,21.0,0,0,7.7958,2,2,U,1,22,1,7.7958,23.3874,2.174274334826008,False,False,True,False,False,0
392,0,3,1,28.0,2,0,7.925,2,2,U,3,28,0,2.6416666666666666,23.775,2.188856327665703,False,False,True,False,False,0
393,1,1,0,23.0,1,0,113.275,0,1,D,2,22,0,56.6375,113.275,4.738607824217808,False,False,True,False,False,0
394,1,3,0,24.0,0,2,16.7,2,3,G,3,51,0,5.566666666666666,50.099999999999994,2.8735646395797834,False,False,True,False,False,0
395,0,3,1,22.0,0,0,7.7958,2,2,U,1,19,1,7.7958,23.3874,2.174274334826008,False,False,True,False,False,0
396,0,3,0,31.0,0,0,7.8542,2,1,U,1,19,1,7.8542,23.5626,2.180891922715322,False,False,True,False,False,0
397,0,2,1,46.0,0,0,26.0,2,2,U,1,23,1,26.0,52.0,3.295836866004329,False,False,False,True,False,0
398,0,2,1,23.0,0,0,10.5,2,4,U,1,16,1,10.5,21.0,2.4423470353692043,False,False,True,False,False,0
399,1,2,0,28.0,0,0,12.65,2,3,U,1,32,1,12.65,25.3,2.613739521630969,False,False,True,False,False,0
400,1,3,1,39.0,0,0,7.925,2,2,U,1,18,1,7.925,23.775,2.188856327665703,False,False,False,True,False,0
401,0,3,1,26.0,0,0,8.05,2,2,U,1,15,1,8.05,24.150000000000002,2.2027647577118348,False,False,True,False,False,0
402,0,3,0,21.0,1,0,9.825,2,1,U,2,24,0,4.9125,29.474999999999998,2.3818582738885534,False,False,True,False,False,0
403,0,3,1,28.0,1,0,15.85,2,2,U,2,30,0,7.925,47.55,2.8243506567983707,False,False,True,False,False,0
404,0,3,0,20.0,0,0,8.6625,2,1,U,1,23,1,8.6625,25.987499999999997,2.2682524139135403,False,False,True,False,False,0
405,0,2,1,34.0,1,0,21.0,2,2,U,2,18,0,10.5,42.0,3.091042453358316,False,False,True,False,False,0
406,0,3,1,51.0,0,0,7.75,2,2,U,1,32,1,7.75,23.25,2.169053700369523,False,False,False,True,False,0
407,1,2,1,3.0,1,1,18.75,2,0,U,3,30,0,6.25,37.5,2.9831534913471307,True,False,False,False,False,0
408,0,3,1,21.0,0,0,7.775,2,2,U,1,33,1,7.775,23.325000000000003,2.1719067693519296,False,False,True,False,False,0
409,0,3,0,21.0,3,1,25.4667,2,1,U,5,18,0,5.0933399999999995,76.4001,3.275887339030031,False,False,True,False,False,0
410,0,3,1,30.0,0,0,7.8958,2,2,U,1,18,1,7.8958,23.6874,2.1855792552411137,False,False,True,False,False,0
411,0,3,1,30.0,0,0,6.8583,1,2,U,1,15,1,6.8583,20.5749,2.061570298060867,False,False,True,False,False,0
412,1,1,0,33.0,1,0,90.0,1,1,C,2,22,0,45.0,90.0,4.51085950651685,False,False,True,False,False,0
413,0,2,1,30.0,0,0,0.0,2,2,U,1,30,1,0.0,0.0,0.0,False,False,True,False,False,0
414,1,3,1,44.0,0,0,7.925,2,2,U,1,25,1,7.925,23.775,2.188856327665703,False,False,False,True,False,0
415,0,3,0,35.0,0,0,8.05,2,3,U,1,39,1,8.05,24.150000000000002,2.2027647577118348,False,False,True,False,False,0
416,1,2,0,34.0,1,1,32.5,2,3,U,3,47,0,10.833333333333334,65.0,3.5115454388310208,False,False,True,False,False,0
417,1,2,0,18.0,0,2,13.0,2,1,U,3,29,0,4.333333333333333,26.0,2.6390573296152584,False,True,False,False,False,0
418,0,2,1,30.0,0,0,13.0,2,2,U,1,26,1,13.0,26.0,2.6390573296152584,False,False,True,False,False,0
419,0,3,0,10.0,0,2,24.15,2,1,U,3,25,0,8.049999999999999,72.44999999999999,3.224857896545748,True,False,False,False,False,1
420,0,3,1,30.0,0,0,7.8958,0,2,U,1,22,1,7.8958,23.6874,2.1855792552411137,False,False,True,False,False,0
421,0,3,1,21.0,0,0,7.7333,1,2,U,1,19,1,7.7333,23.1999,2.167143305297764,False,False,True,False,False,0
422,0,3,1,29.0,0,0,7.875,2,2,U,1,18,1,7.875,23.625,2.1832383353614797,False,False,True,False,False,0
423,0,3,0,28.0,1,1,14.4,2,3,U,3,54,0,4.8,43.2,2.7343675094195836,False,False,True,False,False,0
424,0,3,1,18.0,1,1,20.2125,2,2,U,3,27,0,6.7375,60.637499999999996,3.0545906305603445,False,True,False,False,False,0
425,0,3,1,30.0,0,0,7.25,2,2,U,1,22,1,7.25,21.75,2.1102132003465894,False,False,True,False,False,0
426,1,2,0,28.0,1,0,26.0,2,3,U,2,43,0,13.0,52.0,3.295836866004329,False,False,True,False,False,0
427,1,2,0,19.0,0,0,26.0,2,1,U,1,67,1,26.0,52.0,3.295836866004329,False,False,True,False,False,0
428,0,3,1,30.0,0,0,7.75,1,2,U,1,16,1,7.75,23.25,2.169053700369523,False,False,True,False,False,0
429,1,3,1,32.0,0,0,8.05,2,2,E,1,34,1,8.05,24.150000000000002,2.2027647577118348,False,False,True,False,False,0
430,1,1,1,28.0,0,0,26.55,2,2,C,1,41,1,26.55,26.55,3.3160025355989236,False,False,True,False,False,0
431,1,3,0,35.0,1,0,16.1,2,3,U,2,49,0,8.05,48.300000000000004,2.8390784635086144,False,False,True,False,False,0
432,1,2,0,42.0,1,0,26.0,2,3,U,2,51,0,13.0,52.0,3.295836866004329,False,False,False,True,False,0
433,0,3,1,17.0,0,0,7.125,2,2,U,1,26,1,7.125,21.375,2.094945728215801,False,True,False,False,False,0
434,0,1,1,50.0,1,0,55.9,2,2,E,2,25,0,27.95,55.9,4.041295341132285,False,False,False,True,False,0
435,1,1,0,14.0,1,2,120.0,2,1,B,4,25,0,30.0,120.0,4.795790545596741,False,True,False,False,False,0
436,0,3,0,21.0,2,2,34.375,2,1,U,5,36,0,6.875,103.125,3.5660053559634015,False,False,True,False,False,0
437,1,2,0,24.0,2,3,18.75,2,3,U,6,37,0,3.125,37.5,2.9831534913471307,False,False,True,False,False,0
438,0,1,1,64.0,1,4,263.0,2,2,C,6,17,0,43.833333333333336,263.0,5.575949103146316,False,False,False,False,True,0
439,0,2,1,31.0,0,0,10.5,2,2,U,1,38,1,10.5,21.0,2.4423470353692043,False,False,True,False,False,0
440,1,2,0,45.0,1,1,26.25,2,3,U,3,43,0,8.75,52.5,3.305053521109253,False,False,False,True,False,0
441,0,3,1,20.0,0,0,9.5,2,2,U,1,15,1,9.5,28.5,2.3513752571634776,False,False,True,False,False,0
442,0,3,1,25.0,1,0,7.775,2,2,U,2,25,0,3.8875,23.325000000000003,2.1719067693519296,False,False,True,False,False,0
443,1,2,0,28.0,0,0,13.0,2,1,U,1,25,1,13.0,26.0,2.6390573296152584,False,False,True,False,False,0
444,1,3,1,30.0,0,0,8.1125,2,2,U,1,33,1,8.1125,24.337500000000002,2.2096470973347766,False,False,True,False,False,0
445,1,1,1,4.0,0,2,81.8583,2,0,A,3,25,0,27.2861,81.8583,4.417131919904876,True,False,False,False,False,0
446,1,2,0,13.0,0,1,19.5,2,1,U,2,33,0,9.75,39.0,3.0204248861443626,False,True,False,False,False,0
447,1,1,1,34.0,0,0,26.55,2,2,U,1,27,1,26.55,26.55,3.3160025355989236,False,False,True,False,False,0
448,1,3,0,5.0,2,1,19.2583,0,1,U,4,30,0,4.814575,57.774899999999995,3.0085645861193133,True,False,False,False,False,1
449,1,1,1,52.0,0,0,30.5,2,4,C,1,30,1,30.5,30.5,3.449987545831587,False,False,False,True,False,0
450,0,2,1,36.0,1,2,27.75,2,2,U,4,21,0,6.9375,55.5,3.3586377672433594,False,False,False,True,False,0
451,0,3,1,30.0,1,0,19.9667,2,2,U,2,31,0,9.98335,59.900099999999995,3.0429354648621407,False,False,True,False,False,0
452,0,1,1,30.0,0,0,27.75,0,2,C,1,31,1,27.75,27.75,3.3586377672433594,False,False,True,False,False,0
453,1,1,1,49.0,1,0,89.1042,0,2,C,2,24,0,44.5521,89.1042,4.500966778400217,False,False,False,True,False,0
454,0,3,1,30.0,0,0,8.05,2,2,U,1,19,1,8.05,24.150000000000002,2.2027647577118348,False,False,True,False,False,0
455,1,3,1,29.0,0,0,7.8958,0,2,U,1,18,1,7.8958,23.6874,2.1855792552411137,False,False,True,False,False,0
456,0,1,1,65.0,0,0,26.55,2,2,E,1,25,1,26.55,26.55,3.3160025355989236,False,False,False,False,True,0
457,1,1,0,35.0,1,0,51.8625,2,3,D,2,33,0,25.93125,51.8625,3.967694202798607,False,False,True,False,False,0
458,1,2,0,50.0,0,0,10.5,2,1,U,1,19,1,10.5,21.0,2.4423470353692043,False,False,False,True,False,0
459,0,3,1,30.0,0,0,7.75,1,2,U,1,21,1,7.75,23.25,2.169053700369523,False,False,True,False,False,0
460,1,1,1,48.0,0,0,26.55,2,2,E,1,19,1,26.55,26.55,3.3160025355989236,False,False,False,True,False,0
461,0,3,1,34.0,0,0,8.05,2,2,U,1,19,1,8.05,24.150000000000002,2.2027647577118348,False,False,True,False,False,0
462,0,1,1,47.0,0,0,38.5,2,2,E,1,17,1,38.5,38.5,3.676300671907076,False,False,False,True,False,0
463,0,2,1,48.0,0,0,13.0,2,2,U,1,28,1,13.0,26.0,2.6390573296152584,False,False,False,True,False,0
464,0,3,1,30.0,0,0,8.05,2,2,U,1,18,1,8.05,24.150000000000002,2.2027647577118348,False,False,True,False,False,0
465,0,3,1,38.0,0,0,7.05,2,2,U,1,31,1,7.05,21.15,2.0856720914304723,False,False,False,True,False,0
466,0,2,1,30.0,0,0,0.0,2,2,U,1,21,1,0.0,0.0,0.0,False,False,True,False,False,0
467,0,1,1,56.0,0,0,26.55,2,2,U,1,26,1,26.55,26.55,3.3160025355989236,False,False,False,True,False,0
468,0,3,1,30.0,0,0,7.725,1,2,U,1,18,1,7.725,23.174999999999997,2.1661924680884908,False,False,True,False,False,0
469,1,3,0,0.75,2,1,19.2583,0,1,U,4,29,0,4.814575,57.774899999999995,3.0085645861193133,True,False,False,False,False,1
470,0,3,1,30.0,0,0,7.25,2,2,U,1,17,1,7.25,21.75,2.1102132003465894,False,False,True,False,False,0
471,0,3,1,38.0,0,0,8.6625,2,2,U,1,15,1,8.6625,25.987499999999997,2.2682524139135403,False,False,False,True,False,0
472,1,2,0,33.0,1,2,27.75,2,3,U,4,39,0,6.9375,55.5,3.3586377672433594,False,False,True,False,False,0
473,1,2,0,23.0,0,0,13.7917,0,3,D,1,44,1,13.7917,27.5834,2.694066212646058,False,False,True,False,False,0
474,0,3,0,22.0,0,0,9.8375,2,1,U,1,27,1,9.8375,29.512500000000003,2.3830123421066602,False,False,True,False,False,0
475,0,1,1,30.0,0,0,52.0,2,2,A,1,27,1,52.0,52.0,3.970291913552122,False,False,True,False,False,0
476,0,2,1,34.0,1,0,21.0,2,2,U,2,23,0,10.5,42.0,3.091042453358316,False,False,True,False,False,0
477,0,3,1,29.0,1,0,7.0458,2,2,U,2,25,0,3.5229,21.1374,2.0851502161468174,False,False,True,False,False,0
478,0,3,1,22.0,0,0,7.5208,2,2,U,1,25,1,7.5208,22.5624,2.142510233146819,False,False,True,False,False,0
479,1,3,0,2.0,0,1,12.2875,2,1,U,2,24,0,6.14375,36.8625,2.586823743668066,True,False,False,False,False,1
480,0,3,1,9.0,5,2,46.9,2,0,U,8,30,0,5.8625,140.7,3.8691155044168695,True,False,False,False,False,0
481,0,2,1,30.0,0,0,0.0,2,2,U,1,32,1,0.0,0.0,0.0,False,False,True,False,False,0
482,0,3,1,50.0,0,0,8.05,2,2,U,1,24,1,8.05,24.150000000000002,2.2027647577118348,False,False,False,True,False,0
483,1,3,0,63.0,0,0,9.5875,2,3,U,1,22,1,9.5875,28.762500000000003,2.3596740599781727,False,False,False,False,True,0
484,1,1,1,25.0,1,0,91.0792,0,2,B,2,23,0,45.5396,91.0792,4.5226490762785785,False,False,True,False,False,0
485,0,3,0,21.0,3,1,25.4667,2,1,U,5,22,0,5.0933399999999995,76.4001,3.275887339030031,False,False,True,False,False,0
486,1,1,0,35.0,1,0,90.0,2,3,C,2,47,0,45.0,90.0,4.51085950651685,False,False,True,False,False,0
487,0,1,1,58.0,0,0,29.7,0,2,B,1,23,1,29.7,29.7,3.4242626545931514,False,False,False,True,False,0
488,0,3,1,30.0,0,0,8.05,2,2,U,1,29,1,8.05,24.150000000000002,2.2027647577118348,False,False,True,False,False,0
489,1,3,1,9.0,1,1,15.9,2,0,U,3,37,0,5.3,47.7,2.8273136219290276,True,False,False,False,False,0
490,0,3,1,30.0,1,0,19.9667,2,2,U,2,36,0,9.98335,59.900099999999995,3.0429354648621407,False,False,True,False,False,0
491,0,3,1,21.0,0,0,7.25,2,2,U,1,19,1,7.25,21.75,2.1102132003465894,False,False,True,False,False,0
492,0,1,1,55.0,0,0,30.5,2,2,C,1,26,1,30.5,30.5,3.449987545831587,False,False,False,True,False,0
493,0,1,1,71.0,0,0,49.5042,0,2,U,1,23,1,49.5042,49.5042,3.922056501139853,False,False,False,False,True,0
494,0,3,1,21.0,0,0,8.05,2,2,U,1,26,1,8.05,24.150000000000002,2.2027647577118348,False,False,True,False,False,0
495,0,3,1,30.0,0,0,14.4583,0,2,U,1,21,1,14.4583,43.3749,2.738146075922933,False,False,True,False,False,0
496,1,1,0,54.0,1,0,78.2667,0,1,D,2,30,0,39.13335,78.2667,4.37281811610993,False,False,False,True,False,0
497,0,3,1,30.0,0,0,15.1,2,2,U,1,31,1,15.1,45.3,2.7788192719904172,False,False,True,False,False,0
498,0,1,0,25.0,1,2,151.55,2,3,C,4,47,0,37.8875,151.55,5.027492411162679,False,False,True,False,False,0
499,0,3,1,24.0,0,0,7.7958,2,2,U,1,18,1,7.7958,23.3874,2.174274334826008,False,False,True,False,False,0
500,0,3,1,17.0,0,0,8.6625,2,2,U,1,16,1,8.6625,25.987499999999997,2.2682524139135403,False,True,False,False,False,0
501,0,3,0,21.0,0,0,7.75,1,1,U,1,19,1,7.75,23.25,2.169053700369523,False,False,True,False,False,0
502,0,3,0,21.0,0,0,7.6292,1,1,U,1,30,1,7.6292,22.8876,2.155151800914312,False,False,True,False,False,0
503,0,3,0,37.0,0,0,9.5875,2,1,U,1,30,1,9.5875,28.762500000000003,2.3596740599781727,False,False,False,True,False,0
504,1,1,0,16.0,0,0,86.5,2,1,B,1,21,1,86.5,86.5,4.471638793363569,False,True,False,False,False,0
505,0,1,1,18.0,1,0,108.9,0,2,C,2,42,0,54.45,108.9,4.699570861409576,False,True,False,False,False,0
506,1,2,0,33.0,0,2,26.0,2,3,U,3,45,0,8.666666666666666,52.0,3.295836866004329,False,False,True,False,False,0
507,1,1,1,30.0,0,0,26.55,2,2,U,1,45,1,26.55,26.55,3.3160025355989236,False,False,True,False,False,0
508,0,3,1,28.0,0,0,22.525,2,2,U,1,24,1,22.525,67.57499999999999,3.1580636854714434,False,False,True,False,False,0
509,1,3,1,26.0,0,0,56.4958,2,2,U,1,14,1,56.4958,169.4874,4.05171190165724,False,False,True,False,False,0
510,1,3,1,29.0,0,0,7.75,1,2,U,1,24,1,7.75,23.25,2.169053700369523,False,False,True,False,False,0
511,0,3,1,30.0,0,0,8.05,2,2,U,1,17,1,8.05,24.150000000000002,2.2027647577118348,False,False,True,False,False,0
512,1,1,1,36.0,0,0,26.2875,2,2,E,1,25,1,26.2875,26.2875,3.3064287218760624,False,False,False,True,False,0
513,1,1,0,54.0,1,0,59.4,0,3,U,2,46,0,29.7,59.4,4.100989104940769,False,False,False,True,False,0
514,0,3,1,24.0,0,0,7.4958,2,2,U,1,17,1,7.4958,22.4874,2.139571923732859,False,False,True,False,False,0
515,0,1,1,47.0,0,0,34.0208,2,2,D,1,28,1,34.0208,34.0208,3.5559421706858756,False,False,False,True,False,0
516,1,2,0,34.0,0,0,10.5,2,3,F,1,28,1,10.5,21.0,2.4423470353692043,False,False,True,False,False,0
517,0,3,1,30.0,0,0,24.15,1,2,U,1,17,1,24.15,72.44999999999999,3.224857896545748,False,False,True,False,False,0
518,1,2,0,36.0,1,0,26.0,2,3,U,2,52,0,13.0,52.0,3.295836866004329,False,False,False,True,False,0
519,0,3,1,32.0,0,0,7.8958,2,2,U,1,19,1,7.8958,23.6874,2.1855792552411137,False,False,True,False,False,0
520,1,1,0,30.0,0,0,93.5,2,1,B,1,21,1,93.5,93.5,4.548599834499697,False,False,True,False,False,0
521,0,3,1,22.0,0,0,7.8958,2,2,U,1,15,1,7.8958,23.6874,2.1855792552411137,False,False,True,False,False,0
522,0,3,1,30.0,0,0,7.225,0,2,U,1,18,1,7.225,21.674999999999997,2.1071782966514356,False,False,True,False,False,0
523,1,1,0,44.0,0,1,57.9792,0,3,B,2,47,0,28.9896,57.9792,4.077184839375167,False,False,False,True,False,0
524,0,3,1,30.0,0,0,7.2292,0,2,U,1,17,1,7.2292,21.6876,2.1076888046179385,False,False,True,False,False,0
525,0,3,1,40.5,0,0,7.75,1,2,U,1,18,1,7.75,23.25,2.169053700369523,False,False,False,True,False,0
526,1,2,0,50.0,0,0,10.5,2,1,U,1,20,1,10.5,21.0,2.4423470353692043,False,False,False,True,False,0
527,0,1,1,30.0,0,0,221.7792,2,2,C,1,18,1,221.7792,221.7792,5.406181146423973,False,False,True,False,False,0
528,0,3,1,39.0,0,0,7.925,2,2,U,1,25,1,7.925,23.775,2.188856327665703,False,False,False,True,False,0
529,0,2,1,23.0,2,1,11.5,2,2,U,4,27,0,2.875,23.0,2.5257286443082556,False,False,True,False,False,0
530,1,2,0,2.0,1,1,26.0,2,1,U,3,24,0,8.666666666666666,52.0,3.295836866004329,True,False,False,False,False,1
531,0,3,1,30.0,0,0,7.2292,0,2,U,1,17,1,7.2292,21.6876,2.1076888046179385,False,False,True,False,False,0
532,0,3,1,17.0,1,1,7.2292,0,2,U,3,20,0,2.409733333333333,21.6876,2.1076888046179385,False,True,False,False,False,0
533,1,3,0,35.0,0,2,22.3583,0,3,U,3,38,0,7.452766666666666,67.0749,3.1509523813392697,False,False,True,False,False,0
534,0,3,0,30.0,0,0,8.6625,2,1,U,1,19,1,8.6625,25.987499999999997,2.2682524139135403,False,False,True,False,False,0
535,1,2,0,7.0,0,2,26.25,2,1,U,3,22,0,8.75,52.5,3.305053521109253,True,False,False,False,False,1
536,0,1,1,45.0,0,0,26.55,2,4,B,1,33,1,26.55,26.55,3.3160025355989236,False,False,False,True,False,0
537,1,1,0,30.0,0,0,106.425,0,1,U,1,19,1,106.425,106.425,4.676792929661059,False,False,True,False,False,0
538,0,3,1,30.0,0,0,14.5,2,2,U,1,24,1,14.5,43.5,2.740840023925201,False,False,True,False,False,0
539,1,1,0,22.0,0,2,49.5,0,1,B,3,34,0,16.5,49.5,3.9219733362813143,False,False,True,False,False,0
540,1,1,0,36.0,0,2,71.0,2,1,B,3,23,0,23.666666666666668,71.0,4.276666119016055,False,False,False,True,False,0
541,0,3,0,9.0,4,2,31.275,2,1,U,7,36,0,4.4678571428571425,93.82499999999999,3.4742929367327062,True,False,False,False,False,1
542,0,3,0,11.0,4,2,31.275,2,1,U,7,33,0,4.4678571428571425,93.82499999999999,3.4742929367327062,True,False,False,False,False,1
543,1,2,1,32.0,1,0,26.0,2,2,U,2,17,0,13.0,52.0,3.295836866004329,False,False,True,False,False,0
544,0,1,1,50.0,1,0,106.425,0,2,C,2,26,0,53.2125,106.425,4.676792929661059,False,False,False,True,False,0
545,0,1,1,64.0,0,0,26.0,2,2,U,1,28,1,26.0,26.0,3.295836866004329,False,False,False,False,True,0
546,1,2,0,19.0,1,0,26.0,2,3,U,2,33,0,13.0,52.0,3.295836866004329,False,False,True,False,False,0
547,1,2,1,30.0,0,0,13.8625,0,2,U,1,26,1,13.8625,27.725,2.6988412620169004,False,False,True,False,False,0
548,0,3,1,33.0,1,1,20.525,2,2,U,3,25,0,6.841666666666666,61.574999999999996,3.0692150503137943,False,False,True,False,False,0
549,1,2,1,8.0,1,1,36.75,2,0,U,3,30,0,12.25,73.5,3.6309854756950335,True,False,False,False,False,0
550,1,1,1,17.0,0,2,110.8833,0,2,C,3,27,0,36.9611,110.8833,4.717456363787216,False,True,False,False,False,0
551,0,2,1,27.0,0,0,26.0,2,2,U,1,27,1,26.0,52.0,3.295836866004329,False,False,True,False,False,0
552,0,3,1,30.0,0,0,7.8292,1,2,U,1,20,1,7.8292,23.4876,2.17806441028492,False,False,True,False,False,0
553,1,3,1,22.0,0,0,7.225,0,2,U,1,33,1,7.225,21.674999999999997,2.1071782966514356,False,False,True,False,False,0
554,1,3,0,22.0,0,0,7.775,2,1,U,1,18,1,7.775,23.325000000000003,2.1719067693519296,False,False,True,False,False,0
555,0,1,1,62.0,0,0,26.55,2,2,U,1,18,1,26.55,26.55,3.3160025355989236,False,False,False,False,True,0
556,1,1,0,48.0,1,0,39.6,0,4,A,2,65,0,19.8,39.6,3.703768066607687,False,False,False,True,False,0
557,0,1,1,30.0,0,0,227.525,0,2,U,1,19,1,227.525,227.525,5.4316456135398825,False,False,True,False,False,0
558,1,1,0,39.0,1,1,79.65,2,3,E,3,38,0,26.55,79.65,4.390118804571218,False,False,False,True,False,0
559,1,3,0,36.0,1,0,17.4,2,3,U,2,44,0,8.7,52.199999999999996,2.91235066461494,False,False,False,True,False,0
560,0,3,1,30.0,0,0,7.75,1,2,U,1,24,1,7.75,23.25,2.169053700369523,False,False,True,False,False,0
561,0,3,1,40.0,0,0,7.8958,2,2,U,1,17,1,7.8958,23.6874,2.1855792552411137,False,False,False,True,False,0
562,0,2,1,28.0,0,0,13.5,2,2,U,1,26,1,13.5,27.0,2.6741486494265287,False,False,True,False,False,0
563,0,3,1,30.0,0,0,8.05,2,2,U,1,17,1,8.05,24.150000000000002,2.2027647577118348,False,False,True,False,False,0
564,0,3,0,21.0,0,0,8.05,2,1,U,1,30,1,8.05,24.150000000000002,2.2027647577118348,False,False,True,False,False,0
565,0,3,1,24.0,2,0,24.15,2,2,U,3,20,0,8.049999999999999,72.44999999999999,3.224857896545748,False,False,True,False,False,0
566,0,3,1,19.0,0,0,7.8958,2,2,U,1,20,1,7.8958,23.6874,2.1855792552411137,False,False,True,False,False,0
567,0,3,0,29.0,0,4,21.075,2,3,U,5,43,0,4.215,63.224999999999994,3.0944457464900235,False,False,True,False,False,0
568,0,3,1,30.0,0,0,7.2292,0,2,U,1,19,1,7.2292,21.6876,2.1076888046179385,False,False,True,False,False,0
569,1,3,1,32.0,0,0,7.8542,2,2,U,1,17,1,7.8542,23.5626,2.180891922715322,False,False,True,False,False,0
570,1,2,1,62.0,0,0,10.5,2,2,U,1,18,1,10.5,21.0,2.4423470353692043,False,False,False,False,True,0
571,1,1,0,53.0,2,0,51.4792,2,3,C,3,45,0,17.15973333333333,51.4792,3.960416900617205,False,False,False,True,False,0
572,1,1,1,36.0,0,0,26.3875,2,2,E,1,32,1,26.3875,26.3875,3.3100867049215847,False,False,False,True,False,0
573,1,3,0,21.0,0,0,7.75,1,1,U,1,17,1,7.75,23.25,2.169053700369523,False,False,True,False,False,0
574,0,3,1,16.0,0,0,8.05,2,2,U,1,28,1,8.05,24.150000000000002,2.2027647577118348,False,True,False,False,False,0
575,0,3,1,19.0,0,0,14.5,2,2,U,1,20,1,14.5,43.5,2.740840023925201,False,False,True,False,False,0
576,1,2,0,34.0,0,0,13.0,2,1,U,1,20,1,13.0,26.0,2.6390573296152584,False,False,True,False,False,0
577,1,1,0,39.0,1,0,55.9,2,3,E,2,41,0,27.95,55.9,4.041295341132285,False,False,False,True,False,0
578,0,3,0,35.0,1,0,14.4583,0,3,U,2,32,0,7.22915,43.3749,2.738146075922933,False,False,True,False,False,0
579,1,3,1,32.0,0,0,7.925,2,2,U,1,19,1,7.925,23.775,2.188856327665703,False,False,True,False,False,0
580,1,2,0,25.0,1,1,30.0,2,1,U,3,27,0,10.0,60.0,3.4339872044851463,False,False,True,False,False,0
581,1,1,0,39.0,1,1,110.8833,0,3,C,3,52,0,36.9611,110.8833,4.717456363787216,False,False,False,True,False,0
582,0,2,1,54.0,0,0,26.0,2,2,U,1,26,1,26.0,52.0,3.295836866004329,False,False,False,True,False,0
583,0,1,1,36.0,0,0,40.125,0,2,A,1,19,1,40.125,40.125,3.716616209085536,False,False,False,True,False,0
584,0,3,1,30.0,0,0,8.7125,0,2,U,1,19,1,8.7125,26.137500000000003,2.2734137156937657,False,False,True,False,False,0
585,1,1,0,18.0,0,2,79.65,2,1,E,3,19,0,26.55,79.65,4.390118804571218,False,True,False,False,False,0
586,0,2,1,47.0,0,0,15.0,2,2,U,1,23,1,15.0,30.0,2.772588722239781,False,False,False,True,False,0
587,1,1,1,60.0,1,1,79.2,0,2,B,3,32,0,26.400000000000002,79.2,4.384523514872469,False,False,False,True,False,0
588,0,3,1,22.0,0,0,8.05,2,2,U,1,21,1,8.05,24.150000000000002,2.2027647577118348,False,False,True,False,False,0
589,0,3,1,30.0,0,0,8.05,2,2,U,1,19,1,8.05,24.150000000000002,2.2027647577118348,False,False,True,False,False,0
590,0,3,1,35.0,0,0,7.125,2,2,U,1,20,1,7.125,21.375,2.094945728215801,False,False,True,False,False,0
591,1,1,0,52.0,1,0,78.2667,0,3,D,2,47,0,39.13335,78.2667,4.37281811610993,False,False,False,True,False,0
592,0,3,1,47.0,0,0,7.25,2,2,U,1,26,1,7.25,21.75,2.1102132003465894,False,False,False,True,False,0
593,0,3,0,21.0,0,2,7.75,1,1,U,3,18,0,2.5833333333333335,23.25,2.169053700369523,False,False,True,False,False,0
594,0,2,1,37.0,1,0,26.0,2,2,U,2,23,0,13.0,52.0,3.295836866004329,False,False,False,True,False,0
595,0,3,1,36.0,1,1,24.15,2,2,U,3,27,0,8.049999999999999,72.44999999999999,3.224857896545748,False,False,False,True,False,0
596,1,2,0,21.0,0,0,33.0,2,1,U,1,26,1,33.0,66.0,3.5263605246161616,False,False,True,False,False,0
597,0,3,1,49.0,0,0,0.0,2,2,U,1,19,1,0.0,0.0,0.0,False,False,False,True,False,0
598,0,3,1,30.0,0,0,7.225,0,2,U,1,17,1,7.225,21.674999999999997,2.1071782966514356,False,False,True,False,False,0
599,1,1,1,49.0,1,0,56.9292,0,4,A,2,44,0,28.4646,56.9292,4.0592215752427645,False,False,False,True,False,0
600,1,2,0,24.0,2,1,27.0,2,3,U,4,51,0,6.75,54.0,3.332204510175204,False,False,True,False,False,0
601,0,3,1,30.0,0,0,7.8958,2,2,U,1,20,1,7.8958,23.6874,2.1855792552411137,False,False,True,False,False,0
602,0,1,1,30.0,0,0,42.4,2,2,U,1,25,1,42.4,42.4,3.770459441106359,False,False,True,False,False,0
603,0,3,1,44.0,0,0,8.05,2,2,U,1,25,1,8.05,24.150000000000002,2.2027647577118348,False,False,False,True,False,0
604,1,1,1,35.0,0,0,26.55,0,2,U,1,31,1,26.55,26.55,3.3160025355989236,False,False,True,False,False,0
605,0,3,1,36.0,1,0,15.55,2,2,U,2,29,0,7.775,46.650000000000006,2.806386101823072,False,False,False,True,False,0
606,0,3,1,30.0,0,0,7.8958,2,2,U,1,17,1,7.8958,23.6874,2.1855792552411137,False,False,True,False,False,0
607,1,1,1,27.0,0,0,30.5,2,2,U,1,27,1,30.5,30.5,3.449987545831587,False,False,True,False,False,0
608,1,2,0,22.0,1,2,41.5792,0,3,U,4,53,0,10.3948,83.1584,3.7513658711253766,False,False,True,False,False,0
609,1,1,0,40.0,0,0,153.4625,2,1,C,1,25,1,153.4625,153.4625,5.039951348430309,False,False,False,True,False,0
610,0,3,0,39.0,1,5,31.275,2,3,U,7,57,0,4.4678571428571425,93.82499999999999,3.4742929367327062,False,False,False,True,False,0
611,0,3,1,30.0,0,0,7.05,2,2,U,1,21,1,7.05,21.15,2.0856720914304723,False,False,True,False,False,0
612,1,3,0,21.0,1,0,15.5,1,1,U,2,27,0,7.75,46.5,2.803360380906535,False,False,True,False,False,0
613,0,3,1,30.0,0,0,7.75,1,2,U,1,16,1,7.75,23.25,2.169053700369523,False,False,True,False,False,0
614,0,3,1,35.0,0,0,8.05,2,2,U,1,31,1,8.05,24.150000000000002,2.2027647577118348,False,False,True,False,False,0
615,1,2,0,24.0,1,2,65.0,2,1,U,4,19,0,16.25,130.0,4.189654742026425,False,False,True,False,False,0
616,0,3,1,34.0,1,1,14.4,2,2,U,3,25,0,4.8,43.2,2.7343675094195836,False,False,True,False,False,0
617,0,3,0,26.0,1,0,16.1,2,3,U,2,47,0,8.05,48.300000000000004,2.8390784635086144,False,False,True,False,False,0
618,1,2,0,4.0,2,1,39.0,2,1,F,4,27,0,9.75,78.0,3.6888794541139363,True,False,False,False,False,1
619,0,2,1,26.0,0,0,10.5,2,2,U,1,19,1,10.5,21.0,2.4423470353692043,False,False,True,False,False,0
620,0,3,1,27.0,1,0,14.4542,0,2,U,2,19,0,7.2271,43.3626,2.737880811060884,False,False,True,False,False,0
621,1,1,1,42.0,1,0,52.5542,2,2,D,2,28,0,26.2771,52.5542,3.9806942251907276,False,False,False,True,False,0
622,1,3,1,20.0,1,1,15.7417,0,2,U,3,16,0,5.247233333333333,47.2251,2.817902613071225,False,False,True,False,False,0
623,0,3,1,21.0,0,0,7.8542,2,2,U,1,27,1,7.8542,23.5626,2.180891922715322,False,False,True,False,False,0
624,0,3,1,21.0,0,0,16.1,2,2,U,1,27,1,16.1,48.300000000000004,2.8390784635086144,False,False,True,False,False,0
625,0,1,1,61.0,0,0,32.3208,2,2,D,1,21,1,32.3208,32.3208,3.5061818266142577,False,False,False,False,True,0
626,0,2,1,57.0,0,0,12.35,1,4,U,1,30,1,12.35,24.7,2.5915163848462583,False,False,False,True,False,0
627,1,1,0,21.0,0,0,77.9583,2,1,D,1,29,1,77.9583,77.9583,4.368919865004903,False,False,True,False,False,0
628,0,3,1,26.0,0,0,7.8958,2,2,U,1,25,1,7.8958,23.6874,2.1855792552411137,False,False,True,False,False,0
629,0,3,1,30.0,0,0,7.7333,1,2,U,1,24,1,7.7333,23.1999,2.167143305297764,False,False,True,False,False,0
630,1,1,1,80.0,0,0,30.0,2,2,A,1,36,1,30.0,30.0,3.4339872044851463,False,False,False,False,True,0
631,0,3,1,51.0,0,0,7.0542,2,2,U,1,27,1,7.0542,21.162599999999998,2.086193694502369,False,False,False,True,False,0
632,1,1,1,32.0,0,0,30.5,0,4,B,1,25,1,30.5,30.5,3.449987545831587,False,False,True,False,False,0
633,0,1,1,30.0,0,0,0.0,2,2,U,1,29,1,0.0,0.0,0.0,False,False,True,False,False,0
634,0,3,0,9.0,3,2,27.9,2,1,U,6,18,0,4.6499999999999995,83.69999999999999,3.3638415951183864,True,False,False,False,False,1
635,1,2,0,28.0,0,0,13.0,2,1,U,1,17,1,13.0,26.0,2.6390573296152584,False,False,True,False,False,0
636,0,3,1,32.0,0,0,7.925,2,2,U,1,26,1,7.925,23.775,2.188856327665703,False,False,True,False,False,0
637,0,2,1,31.0,1,1,26.25,2,2,U,3,19,0,8.75,52.5,3.305053521109253,False,False,True,False,False,0
638,0,3,0,41.0,0,5,39.6875,2,3,U,6,38,0,6.614583333333333,119.0625,3.705920919968788,False,False,False,True,False,0
639,0,3,1,30.0,1,0,16.1,2,2,U,2,26,0,8.05,48.300000000000004,2.8390784635086144,False,False,True,False,False,0
640,0,3,1,20.0,0,0,7.8542,2,2,U,1,22,1,7.8542,23.5626,2.180891922715322,False,False,True,False,False,0
641,1,1,0,24.0,0,0,69.3,0,1,B,1,20,1,69.3,69.3,4.252771798816619,False,False,True,False,False,0
642,0,3,0,2.0,3,2,27.9,2,1,U,6,29,0,4.6499999999999995,83.69999999999999,3.3638415951183864,True,False,False,False,False,1
643,1,3,1,30.0,0,0,56.4958,2,2,U,1,15,1,56.4958,169.4874,4.05171190165724,False,False,True,False,False,0
644,1,3,0,0.75,2,1,19.2583,0,1,U,4,22,0,4.814575,57.774899999999995,3.0085645861193133,True,False,False,False,False,1
645,1,1,1,48.0,1,0,76.7292,0,2,D,2,25,0,38.3646,76.7292,4.353230991152628,False,False,False,True,False,0
646,0,3,1,19.0,0,0,7.8958,2,2,U,1,17,1,7.8958,23.6874,2.1855792552411137,False,False,True,False,False,0
647,1,1,1,56.0,0,0,35.5,0,4,A,1,35,1,35.5,35.5,3.597312260588446,False,False,False,True,False,0
648,0,3,1,30.0,0,0,7.55,2,2,U,1,18,1,7.55,22.65,2.145931282948669,False,False,True,False,False,0
649,1,3,0,23.0,0,0,7.55,2,1,U,1,31,1,7.55,22.65,2.145931282948669,False,False,True,False,False,0
650,0,3,1,30.0,0,0,7.8958,2,2,U,1,17,1,7.8958,23.6874,2.1855792552411137,False,False,True,False,False,0
651,1,2,0,18.0,0,1,23.0,2,1,U,2,19,0,11.5,46.0,3.1780538303479458,False,True,False,False,False,0
652,0,3,1,21.0,0,0,8.4333,2,2,U,1,30,1,8.4333,25.299899999999997,2.2442459824059346,False,False,True,False,False,0
653,1,3,0,21.0,0,0,7.8292,1,1,U,1,29,1,7.8292,23.4876,2.17806441028492,False,False,True,False,False,0
654,0,3,0,18.0,0,0,6.75,1,1,U,1,28,1,6.75,20.25,2.0476928433652555,False,True,False,False,False,0
655,0,2,1,24.0,2,0,73.5,2,2,U,3,25,0,24.5,147.0,4.310799125385514,False,False,True,False,False,0
656,0,3,1,30.0,0,0,7.8958,2,2,U,1,21,1,7.8958,23.6874,2.1855792552411137,False,False,True,False,False,0
657,0,3,0,32.0,1,1,15.5,1,3,U,3,29,0,5.166666666666667,46.5,2.803360380906535,False,False,True,False,False,0
658,0,2,1,23.0,0,0,13.0,2,2,U,1,28,1,13.0,26.0,2.6390573296152584,False,False,True,False,False,0
659,0,1,1,58.0,0,2,113.275,0,2,D,3,26,0,37.75833333333333,113.275,4.738607824217808,False,False,False,True,False,0
660,1,1,1,50.0,2,0,133.65,2,4,U,3,29,0,44.550000000000004,133.65,4.902678819257608,False,False,False,True,False,0
661,0,3,1,40.0,0,0,7.225,0,2,U,1,17,1,7.225,21.674999999999997,2.1071782966514356,False,False,False,True,False,0
662,0,1,1,47.0,0,0,25.5875,2,2,E,1,26,1,25.5875,25.5875,3.2804411805263554,False,False,False,True,False,0
663,0,3,1,36.0,0,0,7.4958,2,2,U,1,16,1,7.4958,22.4874,2.139571923732859,False,False,False,True,False,0
664,1,3,1,20.0,1,0,7.925,2,2,U,2,27,0,3.9625,23.775,2.188856327665703,False,False,True,False,False,0
665,0,2,1,32.0,2,0,73.5,2,2,U,3,18,0,24.5,147.0,4.310799125385514,False,False,True,False,False,0
666,0,2,1,25.0,0,0,13.0,2,2,U,1,27,1,13.0,26.0,2.6390573296152584,False,False,True,False,False,0
667,0,3,1,30.0,0,0,7.775,2,2,U,1,26,1,7.775,23.325000000000003,2.1719067693519296,False,False,True,False,False,0
668,0,3,1,43.0,0,0,8.05,2,2,U,1,15,1,8.05,24.150000000000002,2.2027647577118348,False,False,False,True,False,0
669,1,1,0,35.0,1,0,52.0,2,3,C,2,49,0,26.0,52.0,3.970291913552122,False,False,True,False,False,0
670,1,2,0,40.0,1,1,39.0,2,3,U,3,61,0,13.0,78.0,3.6888794541139363,False,False,False,True,False,0
671,0,1,1,31.0,1,0,52.0,2,2,B,2,22,0,26.0,52.0,3.970291913552122,False,False,True,False,False,0
672,0,2,1,70.0,0,0,10.5,2,2,U,1,27,1,10.5,21.0,2.4423470353692043,False,False,False,False,True,0
673,1,2,1,31.0,0,0,13.0,2,2,U,1,21,1,13.0,26.0,2.6390573296152584,False,False,True,False,False,0
674,0,2,1,30.0,0,0,0.0,2,2,U,1,26,1,0.0,0.0,0.0,False,False,True,False,False,0
675,0,3,1,18.0,0,0,7.775,2,2,U,1,30,1,7.775,23.325000000000003,2.1719067693519296,False,True,False,False,False,0
676,0,3,1,24.5,0,0,8.05,2,2,U,1,29,1,8.05,24.150000000000002,2.2027647577118348,False,False,True,False,False,0
677,1,3,0,18.0,0,0,9.8417,2,1,U,1,23,1,9.8417,29.5251,2.3833998102837652,False,True,False,False,False,0
678,0,3,0,43.0,1,6,46.9,2,3,U,8,39,0,5.8625,140.7,3.8691155044168695,False,False,False,True,False,0
679,1,1,1,36.0,0,1,512.3292,0,2,B,2,34,0,256.1646,512.3292,6.240917354759096,False,False,False,True,False,0
680,0,3,0,21.0,0,0,8.1375,1,1,U,1,19,1,8.1375,24.412499999999998,2.212386825075897,False,False,True,False,False,0
681,1,1,1,27.0,0,0,76.7292,0,2,D,1,18,1,76.7292,76.7292,4.353230991152628,False,False,True,False,False,0
682,0,3,1,20.0,0,0,9.225,2,2,U,1,27,1,9.225,27.674999999999997,2.3248357019288655,False,False,True,False,False,0
683,0,3,1,14.0,5,2,46.9,2,2,U,8,27,0,5.8625,140.7,3.8691155044168695,False,True,False,False,False,0
684,0,2,1,60.0,1,1,39.0,2,2,U,3,33,0,13.0,78.0,3.6888794541139363,False,False,False,True,False,0
685,0,2,1,25.0,1,2,41.5792,0,2,U,4,38,0,10.3948,83.1584,3.7513658711253766,False,False,True,False,False,0
686,0,3,1,14.0,4,1,39.6875,2,2,U,6,24,0,6.614583333333333,119.0625,3.705920919968788,False,True,False,False,False,0
687,0,3,1,19.0,0,0,10.1708,2,2,U,1,17,1,10.1708,30.5124,2.4133032309283076,False,False,True,False,False,0
688,0,3,1,18.0,0,0,7.7958,2,2,U,1,31,1,7.7958,23.3874,2.174274334826008,False,True,False,False,False,0
689,1,1,0,15.0,0,1,211.3375,2,1,B,2,33,0,105.66875,211.3375,5.35817698994543,False,True,False,False,False,0
690,1,1,1,31.0,1,0,57.0,2,2,B,2,23,0,28.5,57.0,4.060443010546419,False,False,True,False,False,0
691,1,3,0,4.0,0,1,13.4167,0,1,U,2,18,0,6.70835,40.2501,2.668387256845834,True,False,False,False,False,1
692,1,3,1,30.0,0,0,56.4958,2,2,U,1,12,1,56.4958,169.4874,4.05171190165724,False,False,True,False,False,0
693,0,3,1,25.0,0,0,7.225,0,2,U,1,16,1,7.225,21.674999999999997,2.1071782966514356,False,False,True,False,False,0
694,0,1,1,60.0,0,0,26.55,2,4,U,1,15,1,26.55,26.55,3.3160025355989236,False,False,False,True,False,0
695,0,2,1,52.0,0,0,13.5,2,2,U,1,26,1,13.5,27.0,2.6741486494265287,False,False,False,True,False,0
696,0,3,1,44.0,0,0,8.05,2,2,U,1,16,1,8.05,24.150000000000002,2.2027647577118348,False,False,False,True,False,0
697,1,3,0,21.0,0,0,7.7333,1,1,U,1,32,1,7.7333,23.1999,2.167143305297764,False,False,True,False,False,0
698,0,1,1,49.0,1,1,110.8833,0,2,C,3,24,0,36.9611,110.8833,4.717456363787216,False,False,False,True,False,0
699,0,3,1,42.0,0,0,7.65,2,2,F,1,40,1,7.65,22.950000000000003,2.157559320943788,False,False,False,True,False,0
700,1,1,0,18.0,1,0,227.525,0,3,C,2,49,0,113.7625,227.525,5.4316456135398825,False,True,False,False,False,0
701,1,1,1,35.0,0,0,26.2875,2,2,E,1,32,1,26.2875,26.2875,3.3064287218760624,False,False,True,False,False,0
702,0,3,0,18.0,0,1,14.4542,0,1,U,2,21,0,7.2271,43.3626,2.737880811060884,False,True,False,False,False,0
703,0,3,1,25.0,0,0,7.7417,1,2,U,1,21,1,7.7417,23.225099999999998,2.1681046787623672,False,False,True,False,False,0
704,0,3,1,26.0,1,0,7.8542,2,2,U,2,23,0,3.9271,23.5626,2.180891922715322,False,False,True,False,False,0
705,0,2,1,39.0,0,0,26.0,2,2,U,1,46,1,26.0,52.0,3.295836866004329,False,False,False,True,False,0
706,1,2,0,45.0,0,0,13.5,2,3,U,1,29,1,13.5,27.0,2.6741486494265287,False,False,False,True,False,0
707,1,1,1,42.0,0,0,26.2875,2,2,E,1,33,1,26.2875,26.2875,3.3064287218760624,False,False,False,True,False,0
708,1,1,0,22.0,0,0,151.55,2,1,U,1,20,1,151.55,151.55,5.027492411162679,False,False,True,False,False,0
709,1,3,1,3.5,1,1,15.2458,0,0,U,3,49,0,5.081933333333333,45.737399999999994,2.7878344138303452,True,False,False,False,False,0
710,1,1,0,24.0,0,0,49.5042,0,1,C,1,48,1,49.5042,49.5042,3.922056501139853,False,False,True,False,False,0
711,0,1,1,30.0,0,0,26.55,2,2,C,1,18,1,26.55,26.55,3.3160025355989236,False,False,True,False,False,0
712,1,1,1,48.0,1,0,52.0,2,2,C,2,24,0,26.0,52.0,3.970291913552122,False,False,False,True,False,0
713,0,3,1,29.0,0,0,9.4833,2,2,U,1,26,1,9.4833,28.4499,2.3497835148230464,False,False,True,False,False,0
714,0,2,1,52.0,0,0,13.0,2,2,U,1,21,1,13.0,26.0,2.6390573296152584,False,False,False,True,False,0
715,0,3,1,19.0,0,0,7.65,2,2,F,1,42,1,7.65,22.950000000000003,2.157559320943788,False,False,True,False,False,0
716,1,1,0,38.0,0,0,227.525,0,1,C,1,29,1,227.525,227.525,5.4316456135398825,False,False,False,True,False,0
717,1,2,0,27.0,0,0,10.5,2,1,E,1,35,1,10.5,21.0,2.4423470353692043,False,False,True,False,False,0
718,0,3,1,30.0,0,0,15.5,1,2,U,1,19,1,15.5,46.5,2.803360380906535,False,False,True,False,False,0
719,0,3,1,33.0,0,0,7.775,2,2,U,1,28,1,7.775,23.325000000000003,2.1719067693519296,False,False,True,False,False,0
720,1,2,0,6.0,0,1,33.0,2,1,U,2,33,0,16.5,66.0,3.5263605246161616,True,False,False,False,False,1
721,0,3,1,17.0,1,0,7.0542,2,2,U,2,25,0,3.5271,21.162599999999998,2.086193694502369,False,True,False,False,False,0
722,0,2,1,34.0,0,0,13.0,2,2,U,1,28,1,13.0,26.0,2.6390573296152584,False,False,True,False,False,0
723,0,2,1,50.0,0,0,13.0,2,2,U,1,23,1,13.0,26.0,2.6390573296152584,False,False,False,True,False,0
724,1,1,1,27.0,1,0,53.1,2,2,E,2,29,0,26.55,53.1,3.9908341858524357,False,False,True,False,False,0
725,0,3,1,20.0,0,0,8.6625,2,2,U,1,19,1,8.6625,25.987499999999997,2.2682524139135403,False,False,True,False,False,0
726,1,2,0,30.0,3,0,21.0,2,3,U,4,43,0,5.25,42.0,3.091042453358316,False,False,True,False,False,0
727,1,3,0,21.0,0,0,7.7375,1,1,U,1,24,1,7.7375,23.2125,2.1676241075599285,False,False,True,False,False,0
728,0,2,1,25.0,1,0,26.0,2,2,U,2,31,0,13.0,52.0,3.295836866004329,False,False,True,False,False,0
729,0,3,0,25.0,1,0,7.925,2,1,U,2,29,0,3.9625,23.775,2.188856327665703,False,False,True,False,False,0
730,1,1,0,29.0,0,0,211.3375,2,1,B,1,29,1,211.3375,211.3375,5.35817698994543,False,False,True,False,False,0
731,0,3,1,11.0,0,0,18.7875,0,2,U,1,24,1,18.7875,56.362500000000004,2.9850504252071306,True,False,False,False,False,0
732,0,2,1,30.0,0,0,0.0,2,2,U,1,20,1,0.0,0.0,0.0,False,False,True,False,False,0
733,0,2,1,23.0,0,0,13.0,2,2,U,1,26,1,13.0,26.0,2.6390573296152584,False,False,True,False,False,0
734,0,2,1,23.0,0,0,13.0,2,2,U,1,28,1,13.0,26.0,2.6390573296152584,False,False,True,False,False,0
735,0,3,1,28.5,0,0,16.1,2,2,U,1,20,1,16.1,48.300000000000004,2.8390784635086144,False,False,True,False,False,0
736,0,3,0,48.0,1,3,34.375,2,3,U,5,39,0,6.875,103.125,3.5660053559634015,False,False,False,True,False,0
737,1,1,1,35.0,0,0,512.3292,0,2,B,1,22,1,512.3292,512.3292,6.240917354759096,False,False,True,False,False,0
738,0,3,1,30.0,0,0,7.8958,2,2,U,1,18,1,7.8958,23.6874,2.1855792552411137,False,False,True,False,False,0
739,0,3,1,30.0,0,0,7.8958,2,2,U,1,18,1,7.8958,23.6874,2.1855792552411137,False,False,True,False,False,0
740,1,1,1,30.0,0,0,30.0,2,2,D,1,27,1,30.0,30.0,3.4339872044851463,False,False,True,False,False,0
741,0,1,1,36.0,1,0,78.85,2,2,C,2,29,0,39.425,78.85,4.380149874661021,False,False,False,True,False,0
742,1,1,0,21.0,2,2,262.375,0,1,B,5,37,0,52.475,262.375,5.5735788721243535,False,False,True,False,False,0
743,0,3,1,24.0,1,0,16.1,2,2,U,2,17,0,8.05,48.300000000000004,2.8390784635086144,False,False,True,False,False,0
744,1,3,1,31.0,0,0,7.925,2,2,U,1,18,1,7.925,23.775,2.188856327665703,False,False,True,False,False,0
745,0,1,1,70.0,1,1,71.0,2,4,B,3,28,0,23.666666666666668,71.0,4.276666119016055,False,False,False,False,True,0
746,0,3,1,16.0,1,1,20.25,2,2,U,3,27,0,6.75,60.75,3.056356895370426,False,True,False,False,False,0
747,1,2,0,30.0,0,0,13.0,2,1,U,1,21,1,13.0,26.0,2.6390573296152584,False,False,True,False,False,0
748,0,1,1,19.0,1,0,53.1,2,2,D,2,25,0,26.55,53.1,3.9908341858524357,False,False,True,False,False,0
749,0,3,1,31.0,0,0,7.75,1,2,U,1,23,1,7.75,23.25,2.169053700369523,False,False,True,False,False,0
750,1,2,0,4.0,1,1,23.0,2,1,U,3,17,0,7.666666666666667,46.0,3.1780538303479458,True,False,False,False,False,1
751,1,3,1,6.0,0,1,12.475,2,0,E,2,19,0,6.2375,37.425,2.600836116795061,True,False,False,False,False,0
752,0,3,1,33.0,0,0,9.5,2,2,U,1,32,1,9.5,28.5,2.3513752571634776,False,False,True,False,False,0
753,0,3,1,23.0,0,0,7.8958,2,2,U,1,18,1,7.8958,23.6874,2.1855792552411137,False,False,True,False,False,0
754,1,2,0,48.0,1,2,65.0,2,3,U,4,32,0,16.25,130.0,4.189654742026425,False,False,False,True,False,0
755,1,2,1,0.67,1,1,14.5,2,0,U,3,25,0,4.833333333333333,29.0,2.740840023925201,True,False,False,False,False,0
756,0,3,1,28.0,0,0,7.7958,2,2,U,1,28,1,7.7958,23.3874,2.174274334826008,False,False,True,False,False,0
757,0,2,1,18.0,0,0,11.5,2,2,U,1,24,1,11.5,23.0,2.5257286443082556,False,True,False,False,False,0
758,0,3,1,34.0,0,0,8.05,2,2,U,1,28,1,8.05,24.150000000000002,2.2027647577118348,False,False,True,False,False,0
759,1,1,0,33.0,0,0,86.5,2,4,B,1,56,1,86.5,86.5,4.471638793363569,False,False,True,False,False,0
760,0,3,1,30.0,0,0,14.5,2,2,U,1,18,1,14.5,43.5,2.740840023925201,False,False,True,False,False,0
761,0,3,1,41.0,0,0,7.125,2,2,U,1,30,1,7.125,21.375,2.094945728215801,False,False,False,True,False,0
762,1,3,1,20.0,0,0,7.2292,0,2,U,1,21,1,7.2292,21.6876,2.1076888046179385,False,False,True,False,False,0
763,1,1,0,36.0,1,2,120.0,2,3,B,4,41,0,30.0,120.0,4.795790545596741,False,False,False,True,False,0
764,0,3,1,16.0,0,0,7.775,2,2,U,1,22,1,7.775,23.325000000000003,2.1719067693519296,False,True,False,False,False,0
765,1,1,0,51.0,1,0,77.9583,2,3,D,2,36,0,38.97915,77.9583,4.368919865004903,False,False,False,True,False,0
766,0,1,1,48.5,0,0,39.6,0,4,U,1,25,1,39.6,39.6,3.703768066607687,False,False,False,True,False,0
767,0,3,0,30.5,0,0,7.75,1,1,U,1,18,1,7.75,23.25,2.169053700369523,False,False,True,False,False,0
768,0,3,1,30.0,1,0,24.15,1,2,U,2,19,0,12.075,72.44999999999999,3.224857896545748,False,False,True,False,False,0
769,0,3,1,32.0,0,0,8.3625,2,2,U,1,32,1,8.3625,25.087500000000002,2.236712348843338,False,False,True,False,False,0
770,0,3,1,24.0,0,0,9.5,2,2,U,1,22,1,9.5,28.5,2.3513752571634776,False,False,True,False,False,0
771,0,3,1,48.0,0,0,7.8542,2,2,U,1,23,1,7.8542,23.5626,2.180891922715322,False,False,False,True,False,0
772,0,2,0,57.0,0,0,10.5,2,3,E,1,17,1,10.5,21.0,2.4423470353692043,False,False,False,True,False,0
773,0,3,1,30.0,0,0,7.225,0,2,U,1,15,1,7.225,21.674999999999997,2.1071782966514356,False,False,True,False,False,0
774,1,2,0,54.0,1,3,23.0,2,3,U,5,37,0,4.6,46.0,3.1780538303479458,False,False,False,True,False,0
775,0,3,1,18.0,0,0,7.75,2,2,U,1,39,1,7.75,23.25,2.169053700369523,False,True,False,False,False,0
776,0,3,1,30.0,0,0,7.75,1,2,F,1,16,1,7.75,23.25,2.169053700369523,False,False,True,False,False,0
777,1,3,0,5.0,0,0,12.475,2,1,U,1,29,1,12.475,37.425,2.600836116795061,True,False,False,False,False,1
778,0,3,1,30.0,0,0,7.7375,1,2,U,1,23,1,7.7375,23.2125,2.1676241075599285,False,False,True,False,False,0
779,1,1,0,43.0,0,1,211.3375,2,3,B,2,53,0,105.66875,211.3375,5.35817698994543,False,False,False,True,False,0
780,1,3,0,13.0,0,0,7.2292,0,1,U,1,20,1,7.2292,21.6876,2.1076888046179385,False,True,False,False,False,0
781,1,1,0,17.0,1,0,57.0,2,3,B,2,41,0,28.5,57.0,4.060443010546419,False,True,False,False,False,0
782,0,1,1,29.0,0,0,30.0,2,2,D,1,22,1,30.0,30.0,3.4339872044851463,False,False,True,False,False,0
783,0,3,1,30.0,1,2,23.45,2,2,U,4,22,0,5.8625,70.35,3.196630215920881,False,False,True,False,False,0
784,0,3,1,25.0,0,0,7.05,2,2,U,1,16,1,7.05,21.15,2.0856720914304723,False,False,True,False,False,0
785,0,3,1,25.0,0,0,7.25,2,2,U,1,34,1,7.25,21.75,2.1102132003465894,False,False,True,False,False,0
786,1,3,0,18.0,0,0,7.4958,2,1,U,1,25,1,7.4958,22.4874,2.139571923732859,False,True,False,False,False,0
787,0,3,1,8.0,4,1,29.125,1,0,U,6,25,0,4.854166666666667,87.375,3.405355391810819,True,False,False,False,False,0
788,1,3,1,1.0,1,2,20.575,2,0,U,4,26,0,5.14375,61.724999999999994,3.0715352369694915,True,False,False,False,False,0
789,0,1,1,46.0,0,0,79.2,0,2,B,1,24,1,79.2,79.2,4.384523514872469,False,False,False,True,False,0
790,0,3,1,30.0,0,0,7.75,1,2,U,1,24,1,7.75,23.25,2.169053700369523,False,False,True,False,False,0
791,0,2,1,16.0,0,0,26.0,2,2,U,1,19,1,26.0,52.0,3.295836866004329,False,True,False,False,False,0
792,0,3,0,21.0,8,2,69.55,2,1,U,11,23,0,6.322727272727272,208.64999999999998,4.256321678298823,False,False,True,False,False,0
793,0,1,1,30.0,0,0,30.6958,0,2,U,1,24,1,30.6958,30.6958,3.4561841799918147,False,False,True,False,False,0
794,0,3,1,25.0,0,0,7.8958,2,2,U,1,21,1,7.8958,23.6874,2.1855792552411137,False,False,True,False,False,0
795,0,2,1,39.0,0,0,13.0,2,2,U,1,18,1,13.0,26.0,2.6390573296152584,False,False,False,True,False,0
796,1,1,0,49.0,0,0,25.9292,2,4,D,1,27,1,25.9292,25.9292,3.2932111997353943,False,False,False,True,False,0
797,1,3,0,31.0,0,0,8.6833,2,3,U,1,16,1,8.6833,26.049899999999997,2.270402752283094,False,False,True,False,False,0
798,0,3,1,30.0,0,0,7.2292,0,2,U,1,28,1,7.2292,21.6876,2.1076888046179385,False,False,True,False,False,0
799,0,3,0,30.0,1,1,24.15,2,3,U,3,52,0,8.049999999999999,72.44999999999999,3.224857896545748,False,False,True,False,False,0
800,0,2,1,34.0,0,0,13.0,2,2,U,1,20,1,13.0,26.0,2.6390573296152584,False,False,True,False,False,0
801,1,2,0,31.0,1,1,26.25,2,3,U,3,43,0,8.75,52.5,3.305053521109253,False,False,True,False,False,0
802,1,1,1,11.0,1,2,120.0,2,0,B,4,35,0,30.0,120.0,4.795790545596741,True,False,False,False,False,0
803,1,3,1,0.42,0,1,8.5167,0,0,U,2,31,0,4.25835,25.5501,2.2530481500547457,True,False,False,False,False,0
804,1,3,1,27.0,0,0,6.975,2,2,U,1,23,1,6.975,20.924999999999997,2.076311648670908,False,False,True,False,False,0
805,0,3,1,31.0,0,0,7.775,2,2,U,1,25,1,7.775,23.325000000000003,2.1719067693519296,False,False,True,False,False,0
806,0,1,1,39.0,0,0,0.0,2,2,A,1,22,1,0.0,0.0,0.0,False,False,False,True,False,0
807,0,3,0,18.0,0,0,7.775,2,1,U,1,31,1,7.775,23.325000000000003,2.1719067693519296,False,True,False,False,False,0
808,0,2,1,39.0,0,0,13.0,2,2,U,1,17,1,13.0,26.0,2.6390573296152584,False,False,False,True,False,0
809,1,1,0,33.0,1,0,53.1,2,3,E,2,46,0,26.55,53.1,3.9908341858524357,False,False,True,False,False,0
810,0,3,1,26.0,0,0,7.8875,2,2,U,1,22,1,7.8875,23.6625,2.184645795129359,False,False,True,False,False,0
811,0,3,1,39.0,0,0,24.15,2,2,U,1,17,1,24.15,72.44999999999999,3.224857896545748,False,False,False,True,False,0
812,0,2,1,35.0,0,0,10.5,2,2,U,1,25,1,10.5,21.0,2.4423470353692043,False,False,True,False,False,0
813,0,3,0,6.0,4,2,31.275,2,1,U,7,34,0,4.4678571428571425,93.82499999999999,3.4742929367327062,True,False,False,False,False,1
814,0,3,1,30.5,0,0,8.05,2,2,U,1,26,1,8.05,24.150000000000002,2.2027647577118348,False,False,True,False,False,0
815,0,1,1,30.0,0,0,0.0,2,2,B,1,16,1,0.0,0.0,0.0,False,False,True,False,False,0
816,0,3,0,23.0,0,0,7.925,2,1,U,1,28,1,7.925,23.775,2.188856327665703,False,False,True,False,False,0
817,0,2,1,31.0,1,1,37.0042,0,2,U,3,18,0,12.334733333333332,74.0084,3.637696679934592,False,False,True,False,False,0
818,0,3,1,43.0,0,0,6.45,2,2,U,1,32,1,6.45,19.35,2.0082140323914683,False,False,False,True,False,0
819,0,3,1,10.0,3,2,27.9,2,0,U,6,28,0,4.6499999999999995,83.69999999999999,3.3638415951183864,True,False,False,False,False,0
820,1,1,0,52.0,1,1,93.5,2,3,B,3,50,0,31.166666666666668,93.5,4.548599834499697,False,False,False,True,False,0
821,1,3,1,27.0,0,0,8.6625,2,2,U,1,17,1,8.6625,25.987499999999997,2.2682524139135403,False,False,True,False,False,0
822,0,1,1,38.0,0,0,0.0,2,4,U,1,31,1,0.0,0.0,0.0,False,False,False,True,False,0
823,1,3,0,27.0,0,1,12.475,2,3,E,2,18,0,6.2375,37.425,2.600836116795061,False,False,True,False,False,0
824,0,3,1,2.0,4,1,39.6875,2,0,U,6,28,0,6.614583333333333,119.0625,3.705920919968788,True,False,False,False,False,0
825,0,3,1,30.0,0,0,6.95,1,2,U,1,15,1,6.95,20.85,2.0731719286662407,False,False,True,False,False,0
826,0,3,1,30.0,0,0,56.4958,2,2,U,1,12,1,56.4958,169.4874,4.05171190165724,False,False,True,False,False,0
827,1,2,1,1.0,0,2,37.0042,0,0,U,3,21,0,12.334733333333332,74.0084,3.637696679934592,True,False,False,False,False,0
828,1,3,1,30.0,0,0,7.75,1,2,U,1,28,1,7.75,23.25,2.169053700369523,False,False,True,False,False,0
829,1,1,0,62.0,0,0,80.0,2,3,B,1,41,1,80.0,80.0,4.394449154672439,False,False,False,False,True,0
830,1,3,0,15.0,1,0,14.4542,0,3,U,2,39,0,7.2271,43.3626,2.737880811060884,False,True,False,False,False,0
831,1,2,1,0.83,1,1,18.75,2,0,U,3,31,0,6.25,37.5,2.9831534913471307,True,False,False,False,False,0
832,0,3,1,30.0,0,0,7.2292,0,2,U,1,14,1,7.2292,21.6876,2.1076888046179385,False,False,True,False,False,0
833,0,3,1,23.0,0,0,7.8542,2,2,U,1,22,1,7.8542,23.5626,2.180891922715322,False,False,True,False,False,0
834,0,3,1,18.0,0,0,8.3,2,2,U,1,22,1,8.3,24.900000000000002,2.2300144001592104,False,True,False,False,False,0
835,1,1,0,39.0,1,1,83.1583,0,1,E,3,27,0,27.71943333333333,83.1583,4.432699549165613,False,False,False,True,False,0
836,0,3,1,21.0,0,0,8.6625,2,2,U,1,16,1,8.6625,25.987499999999997,2.2682524139135403,False,False,True,False,False,0
837,0,3,1,30.0,0,0,8.05,2,2,U,1,19,1,8.05,24.150000000000002,2.2027647577118348,False,False,True,False,False,0
838,1,3,1,32.0,0,0,56.4958,2,2,U,1,15,1,56.4958,169.4874,4.05171190165724,False,False,True,False,False,0
839,1,1,1,30.0,0,0,29.7,0,2,C,1,20,1,29.7,29.7,3.4242626545931514,False,False,True,False,False,0
840,0,3,1,20.0,0,0,7.925,2,2,U,1,27,1,7.925,23.775,2.188856327665703,False,False,True,False,False,0
841,0,2,1,16.0,0,0,10.5,2,2,U,1,24,1,10.5,21.0,2.4423470353692043,False,True,False,False,False,0
842,1,1,0,30.0,0,0,31.0,0,1,U,1,23,1,31.0,31.0,3.4657359027997265,False,False,True,False,False,0
843,0,3,1,34.5,0,0,6.4375,0,2,U,1,26,1,6.4375,19.3125,2.006534770871748,False,False,True,False,False,0
844,0,3,1,17.0,0,0,8.6625,2,2,U,1,19,1,8.6625,25.987499999999997,2.2682524139135403,False,True,False,False,False,0
845,0,3,1,42.0,0,0,7.55,2,2,U,1,19,1,7.55,22.65,2.145931282948669,False,False,False,True,False,0
846,0,3,1,30.0,8,2,69.55,2,2,U,11,24,0,6.322727272727272,208.64999999999998,4.256321678298823,False,False,True,False,False,0
847,0,3,1,35.0,0,0,7.8958,0,2,U,1,18,1,7.8958,23.6874,2.1855792552411137,False,False,True,False,False,0
848,0,2,1,28.0,0,1,33.0,2,4,U,2,17,0,16.5,66.0,3.5263605246161616,False,False,True,False,False,0
849,1,1,0,35.0,1,0,89.1042,0,3,C,2,44,0,44.5521,89.1042,4.500966778400217,False,False,True,False,False,0
850,0,3,1,4.0,4,2,31.275,2,0,U,7,39,0,4.4678571428571425,93.82499999999999,3.4742929367327062,True,False,False,False,False,0
851,0,3,1,74.0,0,0,7.775,2,2,U,1,19,1,7.775,23.325000000000003,2.1719067693519296,False,False,False,False,True,0
852,0,3,0,9.0,1,1,15.2458,0,1,U,3,23,0,5.081933333333333,45.737399999999994,2.7878344138303452,True,False,False,False,False,1
853,1,1,0,16.0,0,1,39.4,2,1,D,2,25,0,19.7,39.4,3.6988297849671046,False,True,False,False,False,0
854,0,2,0,44.0,1,0,26.0,2,3,U,2,45,0,13.0,52.0,3.295836866004329,False,False,False,True,False,0
855,1,3,0,18.0,0,1,9.35,2,3,U,2,26,0,4.675,28.049999999999997,2.336986519711378,False,True,False,False,False,0
856,1,1,0,45.0,1,1,164.8667,2,3,U,3,42,0,54.95556666666667,164.8667,5.11118445372147,False,False,False,True,False,0
857,1,1,1,51.0,0,0,26.55,2,2,E,1,22,1,26.55,26.55,3.3160025355989236,False,False,False,True,False,0
858,1,3,0,24.0,0,3,19.2583,0,3,U,4,37,0,4.814575,57.774899999999995,3.0085645861193133,False,False,True,False,False,0
859,0,3,1,30.0,0,0,7.2292,0,2,U,1,16,1,7.2292,21.6876,2.1076888046179385,False,False,True,False,False,0
860,0,3,1,41.0,2,0,14.1083,2,2,U,3,23,0,4.702766666666666,42.3249,2.7152442616824506,False,False,False,True,False,0
861,0,2,1,21.0,1,0,11.5,2,2,U,2,27,0,5.75,23.0,2.5257286443082556,False,False,True,False,False,0
862,1,1,0,48.0,0,0,25.9292,2,3,D,1,51,1,25.9292,25.9292,3.2932111997353943,False,False,False,True,False,0
863,0,3,0,21.0,8,2,69.55,2,1,U,11,33,0,6.322727272727272,208.64999999999998,4.256321678298823,False,False,True,False,False,0
864,0,2,1,24.0,0,0,13.0,2,2,U,1,22,1,13.0,26.0,2.6390573296152584,False,False,True,False,False,0
865,1,2,0,42.0,0,0,13.0,2,3,U,1,24,1,13.0,26.0,2.6390573296152584,False,False,False,True,False,0
866,1,2,0,27.0,1,0,13.8583,0,1,U,2,28,0,6.92915,27.7166,2.698558631668595,False,False,True,False,False,0
867,0,1,1,31.0,0,0,50.4958,2,2,A,1,36,1,50.4958,50.4958,3.941500250945973,False,False,True,False,False,0
868,0,3,1,30.0,0,0,9.5,2,2,U,1,27,1,9.5,28.5,2.3513752571634776,False,False,True,False,False,0
869,1,3,1,4.0,1,1,11.1333,2,0,U,3,31,0,3.7111,33.3999,2.495953738718064,True,False,False,False,False,0
870,0,3,1,26.0,0,0,7.8958,2,2,U,1,17,1,7.8958,23.6874,2.1855792552411137,False,False,True,False,False,0
871,1,1,0,47.0,1,1,52.5542,2,3,D,3,48,0,17.518066666666666,52.5542,3.9806942251907276,False,False,False,True,False,0
872,0,1,1,33.0,0,0,5.0,2,2,B,1,24,1,5.0,5.0,1.791759469228055,False,False,True,False,False,0
873,0,3,1,47.0,0,0,9.0,2,2,U,1,27,1,9.0,27.0,2.302585092994046,False,False,False,True,False,0
874,1,2,0,28.0,1,0,24.0,0,3,U,2,37,0,12.0,48.0,3.2188758248682006,False,False,True,False,False,0
875,1,3,0,15.0,0,0,7.225,0,1,U,1,32,1,7.225,21.674999999999997,2.1071782966514356,False,True,False,False,False,0
876,0,3,1,20.0,0,0,9.8458,2,2,U,1,29,1,9.8458,29.5374,2.3837779082709782,False,False,True,False,False,0
877,0,3,1,19.0,0,0,7.8958,2,2,U,1,20,1,7.8958,23.6874,2.1855792552411137,False,False,True,False,False,0
878,0,3,1,30.0,0,0,7.8958,2,2,U,1,18,1,7.8958,23.6874,2.1855792552411137,False,False,True,False,False,0
879,1,1,0,56.0,0,1,83.1583,0,3,C,2,45,0,41.57915,83.1583,4.432699549165613,False,False,False,True,False,0
880,1,2,0,25.0,0,1,26.0,2,3,U,2,44,0,13.0,52.0,3.295836866004329,False,False,True,False,False,0
881,0,3,1,33.0,0,0,7.8958,2,2,U,1,18,1,7.8958,23.6874,2.1855792552411137,False,False,True,False,False,0
882,0,3,0,22.0,0,0,10.5167,2,1,U,1,28,1,10.5167,31.5501,2.4437981558973862,False,False,True,False,False,0
883,0,2,1,28.0,0,0,10.5,2,2,U,1,29,1,10.5,21.0,2.4423470353692043,False,False,True,False,False,0
884,0,3,1,25.0,0,0,7.05,2,2,U,1,22,1,7.05,21.15,2.0856720914304723,False,False,True,False,False,0
885,0,3,0,39.0,0,5,29.125,1,3,U,6,36,0,4.854166666666667,87.375,3.405355391810819,False,False,False,True,False,0
886,0,2,1,27.0,0,0,13.0,2,4,U,1,21,1,13.0,26.0,2.6390573296152584,False,False,True,False,False,0
887,1,1,0,19.0,0,0,30.0,2,1,B,1,28,1,30.0,30.0,3.4339872044851463,False,False,True,False,False,0
888,0,3,0,21.0,1,2,23.45,2,1,U,4,40,0,5.8625,70.35,3.196630215920881,False,False,True,False,False,0
889,1,1,1,26.0,0,0,30.0,0,2,C,1,21,1,30.0,30.0,3.4339872044851463,False,False,True,False,False,0
890,0,3,1,32.0,0,0,7.75,1,2,U,1,19,1,7.75,23.25,2.169053700369523,False,False,True,False,False,0
